source_file_per_video,source_file,filename_video,predicted_class_per_video,true_class_per_video,predicted_class,true_class,Count_per_video,count_per_prediction,,,100% data,,,,,First 80%,
Predictions_2026-02-16_17-45-45.json,Predictions_2026-02-16_17-45-45.json,CamBoth_2026-02-16_17-45-45.mp4,Inert atmosphere,Inert atmosphere,Inert atmosphere,Inert atmosphere,1,1,,On prediction,,On video fragment,,,On prediction,,On video fragment
Predictions_2026-02-16_17-45-45.json,,CamBoth_2026-02-16_17-45-50.mp4,Inert atmosphere,Inert atmosphere,,,1,,,166,,509,,,138,,428
Predictions_2026-02-16_17-48-26.json,Predictions_2026-02-16_17-48-26.json,CamBoth_2026-02-16_17-48-26.mp4,Inert atmosphere,Inert atmosphere,Inert atmosphere,Inert atmosphere,1,1,,,,,,,,,
Predictions_2026-02-16_17-48-26.json,,CamBoth_2026-02-16_17-48-31.mp4,Inert atmosphere,Inert atmosphere,,,1,,,252,,783,,,196,,629
Predictions_2026-02-16_17-48-26.json,,CamBoth_2026-02-16_17-48-35.mp4,Inert atmosphere,Inert atmosphere,,,1,,,,,,,,,,
Predictions_2026-02-16_17-48-55.json,Predictions_2026-02-16_17-48-55.json,CamBoth_2026-02-16_17-48-55.mp4,Inert atmosphere,Inert atmosphere,Inert atmosphere,Inert atmosphere,1,1,,66%,,65%,,,70%,,68%
Predictions_2026-02-16_17-48-55.json,,CamBoth_2026-02-16_17-48-57.mp4,Inert atmosphere,Inert atmosphere,,,1,,,,,,,,,Until row 630,
Predictions_2026-02-16_17-48-55.json,,CamBoth_2026-02-16_17-49-02.mp4,Inert atmosphere,Inert atmosphere,,,1,,,,,,,,,,
Predictions_2026-02-16_17-49-20.json,Predictions_2026-02-16_17-49-20.json,CamBoth_2026-02-16_17-49-20.mp4,Inert atmosphere,Inert atmosphere,Inert atmosphere,Inert atmosphere,1,1,,,,,,,,,
Predictions_2026-02-16_17-49-20.json,,CamBoth_2026-02-16_17-49-22.mp4,Inert atmosphere,Inert atmosphere,,,1,,,,,,,,,,
Predictions_2026-02-16_17-49-20.json,,CamBoth_2026-02-16_17-49-26.mp4,Inert atmosphere,Inert atmosphere,,,1,,,,,,,,,,
Predictions_2026-02-16_17-49-52.json,Predictions_2026-02-16_17-49-52.json,CamBoth_2026-02-16_17-49-52.mp4,Inert atmosphere,Inert atmosphere,Inert atmosphere,Inert atmosphere,1,1,,,,Confusion matrices,,,,,
Predictions_2026-02-16_17-49-52.json,,CamBoth_2026-02-16_17-49-56.mp4,Inert atmosphere,Inert atmosphere,,,1,,,,,,,,,,
Predictions_2026-02-16_17-49-52.json,,CamBoth_2026-02-16_17-50-01.mp4,Inert atmosphere,Inert atmosphere,,,1,,,,,,,,,,
Predictions_2026-02-16_17-50-27.json,Predictions_2026-02-16_17-50-27.json,CamBoth_2026-02-16_17-50-27.mp4,Inert atmosphere,Inert atmosphere,Inert atmosphere,Inert atmosphere,1,1,,,,,,,,,
Predictions_2026-02-16_17-50-27.json,,CamBoth_2026-02-16_17-50-30.mp4,Inert atmosphere,Inert atmosphere,,,1,,,,,,,,,,
Predictions_2026-02-16_17-50-34.json,Predictions_2026-02-16_17-50-34.json,CamBoth_2026-02-16_17-50-34.mp4,Inert atmosphere,Inert atmosphere,Inert atmosphere,Inert atmosphere,1,1,,,,,,,,,
Predictions_2026-02-16_17-50-34.json,,CamBoth_2026-02-16_17-50-38.mp4,Inert atmosphere,Inert atmosphere,,,1,,,,,,,,,,
Predictions_2026-02-16_18-02-11.json,Predictions_2026-02-16_18-02-11.json,CamBoth_2026-02-16_18-02-11.mp4,Addition of liquids,Addition of liquids,Addition of liquids,Addition of liquids,1,1,,,,,,,,,
Predictions_2026-02-16_18-02-11.json,,CamBoth_2026-02-16_18-02-15.mp4,Addition of liquids,Addition of liquids,,,1,,,,,,,,,,
Predictions_2026-02-16_18-02-11.json,,CamBoth_2026-02-16_18-02-19.mp4,Addition of liquids,Addition of liquids,,,1,,,,,,,,,,
Predictions_2026-02-16_18-02-11.json,,CamBoth_2026-02-16_18-02-23.mp4,Addition of liquids,Addition of liquids,,,1,,,,,,,,,,
Predictions_2026-02-16_18-03-03.json,Predictions_2026-02-16_18-03-03.json,CamBoth_2026-02-16_18-03-03.mp4,Addition of liquids,Addition of liquids,Addition of liquids,Addition of liquids,1,1,,,,,,,,,
Predictions_2026-02-16_18-03-03.json,,CamBoth_2026-02-16_18-03-06.mp4,Addition of liquids,Addition of liquids,,,1,,,,,,,,,,
Predictions_2026-02-16_18-03-03.json,,CamBoth_2026-02-16_18-03-10.mp4,Addition of liquids,Addition of liquids,,,1,,,,,,,,,,
Predictions_2026-02-16_18-03-03.json,,CamBoth_2026-02-16_18-03-14.mp4,Addition of liquids,Addition of liquids,,,1,,,,,,,,,,
Predictions_2026-02-16_18-05-52.json,Predictions_2026-02-16_18-05-52.json,CamBoth_2026-02-16_18-05-52.mp4,Addition of liquids,Addition of liquids,Addition of liquids,Addition of liquids,1,1,,,,,,,,,
Predictions_2026-02-16_18-05-52.json,,CamBoth_2026-02-16_18-05-55.mp4,Addition of liquids,Addition of liquids,,,1,,,,,,,,,,
Predictions_2026-02-16_18-05-52.json,,CamBoth_2026-02-16_18-05-59.mp4,Addition of liquids,Addition of liquids,,,1,,,,,,,,,,
Predictions_2026-02-16_18-05-52.json,,CamBoth_2026-02-16_18-06-03.mp4,Addition of liquids,Addition of liquids,,,1,,,,,,,,,,
Predictions_2026-02-16_18-05-52.json,,CamBoth_2026-02-16_18-06-07.mp4,Addition of liquids,Addition of liquids,,,1,,,,,,,,,,
Predictions_2026-02-16_18-06-46.json,Predictions_2026-02-16_18-06-46.json,CamBoth_2026-02-16_18-06-46.mp4,Addition of liquids,Addition of liquids,Addition of liquids,Addition of liquids,1,1,,,,,,,,,
Predictions_2026-02-16_18-06-46.json,,CamBoth_2026-02-16_18-06-49.mp4,Addition of liquids,Addition of liquids,,,1,,,,,,,,,,
Predictions_2026-02-16_18-06-46.json,,CamBoth_2026-02-16_18-06-53.mp4,Addition of liquids,Addition of liquids,,,1,,,,,,,,,,
Predictions_2026-02-16_18-06-46.json,,CamBoth_2026-02-16_18-06-57.mp4,Addition of liquids,Addition of liquids,,,1,,,,,,,,,,
Predictions_2026-02-17_14-38-31.json,Predictions_2026-02-17_14-38-31.json,CamBoth_2026-02-17_14-38-31.mp4,Inert atmosphere,Inert atmosphere,Inert atmosphere,Inert atmosphere,1,1,,,,,,,,,
Predictions_2026-02-17_14-38-31.json,,CamBoth_2026-02-17_14-38-36.mp4,Inert atmosphere,Inert atmosphere,,,1,,,,,,,,,,
Predictions_2026-02-17_14-39-13.json,Predictions_2026-02-17_14-39-13.json,CamBoth_2026-02-17_14-39-13.mp4,Inert atmosphere,Inert atmosphere,Inert atmosphere,Inert atmosphere,1,1,,,,,,,,,
Predictions_2026-02-17_14-39-13.json,,CamBoth_2026-02-17_14-39-14.mp4,Inert atmosphere,Inert atmosphere,,,1,,,,,,,,,,
Predictions_2026-02-17_14-39-13.json,,CamBoth_2026-02-17_14-39-18.mp4,Inert atmosphere,Inert atmosphere,,,1,,,,,,,,,,
Predictions_2026-02-17_14-40-57.json,Predictions_2026-02-17_14-40-57.json,CamBoth_2026-02-17_14-40-57.mp4,Inert atmosphere,Inert atmosphere,Inert atmosphere,Inert atmosphere,1,1,,,,,,,,,
Predictions_2026-02-17_14-40-57.json,,CamBoth_2026-02-17_14-41-00.mp4,Inert atmosphere,Inert atmosphere,,,1,,,,,,,,,,
Predictions_2026-02-17_14-40-57.json,,CamBoth_2026-02-17_14-41-04.mp4,Inert atmosphere,Inert atmosphere,,,1,,,,,,,,,,
Predictions_2026-02-17_14-41-23.json,Predictions_2026-02-17_14-41-23.json,CamBoth_2026-02-17_14-41-23.mp4,Inert atmosphere,Inert atmosphere,Inert atmosphere,Inert atmosphere,1,1,,,,,,,,,
Predictions_2026-02-17_14-41-23.json,,CamBoth_2026-02-17_14-41-26.mp4,Inert atmosphere,Inert atmosphere,,,1,,,,,,,,,,
Predictions_2026-02-17_14-41-23.json,,CamBoth_2026-02-17_14-41-30.mp4,Inert atmosphere,Inert atmosphere,,,1,,,,,,,,,,
Predictions_2026-02-17_14-47-54.json,Predictions_2026-02-17_14-47-54.json,CamBoth_2026-02-17_14-47-54.mp4,Addition of liquids,Addition of liquids,Addition of liquids,Addition of liquids,1,1,,,,,,,,,
Predictions_2026-02-17_14-47-54.json,,CamBoth_2026-02-17_14-47-57.mp4,Addition of liquids,Addition of liquids,,,1,,,,,,,,,,
Predictions_2026-02-17_14-47-54.json,,CamBoth_2026-02-17_14-48-01.mp4,Addition of liquids,Addition of liquids,,,1,,,,,,,,,,
Predictions_2026-02-17_14-47-54.json,,CamBoth_2026-02-17_14-48-05.mp4,Addition of liquids,Addition of liquids,,,1,,,,,,,,,,
Predictions_2026-02-17_14-47-54.json,,CamBoth_2026-02-17_14-48-09.mp4,Addition of liquids,Addition of liquids,,,1,,,,,,,,,,
Predictions_2026-02-17_14-47-54.json,,CamBoth_2026-02-17_14-48-13.mp4,Addition of liquids,Addition of liquids,,,1,,,,,,,,,,
Predictions_2026-02-17_14-49-00.json,Predictions_2026-02-17_14-49-00.json,CamBoth_2026-02-17_14-49-00.mp4,Addition of liquids,Addition of liquids,Addition of liquids,Addition of liquids,1,1,,,,,,,,,
Predictions_2026-02-17_14-49-00.json,,CamBoth_2026-02-17_14-49-03.mp4,Addition of liquids,Addition of liquids,,,1,,,,,,,,,,
Predictions_2026-02-17_14-49-00.json,,CamBoth_2026-02-17_14-49-07.mp4,Addition of liquids,Addition of liquids,,,1,,,,,,,,,,
Predictions_2026-02-17_14-50-52.json,Predictions_2026-02-17_14-50-52.json,CamBoth_2026-02-17_14-50-52.mp4,Addition of liquids,Addition of liquids,Addition of liquids,Addition of liquids,1,1,,,,,,,,,
Predictions_2026-02-17_14-50-52.json,,CamBoth_2026-02-17_14-50-53.mp4,Addition of liquids,Addition of liquids,,,1,,,,,,,,,,
Predictions_2026-02-17_14-50-52.json,,CamBoth_2026-02-17_14-50-57.mp4,Addition of liquids,Addition of liquids,,,1,,,,,,,,,,
Predictions_2026-02-17_14-50-52.json,,CamBoth_2026-02-17_14-51-02.mp4,Addition of liquids,Addition of liquids,,,1,,,,,,,,,,
Predictions_2026-02-17_14-50-52.json,,CamBoth_2026-02-17_14-51-06.mp4,Addition of liquids,Addition of liquids,,,1,,,,,,,,,,
Predictions_2026-02-17_14-51-48.json,Predictions_2026-02-17_14-51-48.json,CamBoth_2026-02-17_14-51-48.mp4,Addition of liquids,Addition of liquids,Addition of liquids,Addition of liquids,1,1,,,,,,,,,
Predictions_2026-02-17_14-51-48.json,,CamBoth_2026-02-17_14-51-49.mp4,Addition of liquids,Addition of liquids,,,1,,,,,,,,,,
Predictions_2026-02-17_14-51-48.json,,CamBoth_2026-02-17_14-51-53.mp4,Addition of liquids,Addition of liquids,,,1,,,,,,,,,,
Predictions_2026-02-17_14-51-48.json,,CamBoth_2026-02-17_14-51-58.mp4,Addition of liquids,Addition of liquids,,,1,,,,,,,,,,
Predictions_2026-02-17_14-52-02.json,Predictions_2026-02-17_14-52-02.json,CamBoth_2026-02-17_14-52-02.mp4,Addition of liquids,Addition of liquids,Addition of liquids,Addition of liquids,1,1,,,,,,,,,
Predictions_2026-02-17_16-25-15.json,Predictions_2026-02-17_16-25-15.json,CamBoth_2026-02-17_16-25-15.mp4,Inert atmosphere,Inert atmosphere,Inert atmosphere,Inert atmosphere,1,1,,,,,,,,,
Predictions_2026-02-17_16-25-15.json,,CamBoth_2026-02-17_16-25-17.mp4,Inert atmosphere,Inert atmosphere,,,1,,,,,,,,,,
Predictions_2026-02-17_16-25-15.json,,CamBoth_2026-02-17_16-25-21.mp4,Inert atmosphere,Inert atmosphere,,,1,,,,,,,,,,
Predictions_2026-02-23_13-39-19.json,Predictions_2026-02-23_13-39-19.json,CamBoth_2026-02-23_13-39-19.mp4,Inert atmosphere,Inert atmosphere,Inert atmosphere,Inert atmosphere,1,1,,,,,,,,,
Predictions_2026-02-23_13-39-19.json,,CamBoth_2026-02-23_13-39-23.mp4,Stir or Reflux,Inert atmosphere,,,0,,,,,,,,,,
Predictions_2026-02-23_13-39-42.json,Predictions_2026-02-23_13-39-42.json,CamBoth_2026-02-23_13-39-42.mp4,Inert atmosphere,Inert atmosphere,Inert atmosphere,Inert atmosphere,1,1,,,,,,,,,
Predictions_2026-02-23_13-39-42.json,,CamBoth_2026-02-23_13-39-45.mp4,Inert atmosphere,Inert atmosphere,,,1,,,,,,,,,,
Predictions_2026-02-23_13-40-10.json,Predictions_2026-02-23_13-40-10.json,CamBoth_2026-02-23_13-40-10.mp4,Stir or Reflux,Inert atmosphere,Inert atmosphere,Inert atmosphere,0,1,,,,,,,,,
Predictions_2026-02-23_13-40-10.json,,CamBoth_2026-02-23_13-40-11.mp4,Inert atmosphere,Inert atmosphere,,,1,,,,,,,,,,
Predictions_2026-02-23_13-40-10.json,,CamBoth_2026-02-23_13-40-15.mp4,Inert atmosphere,Inert atmosphere,,,1,,,,,,,,,,
Predictions_2026-02-23_13-40-27.json,Predictions_2026-02-23_13-40-27.json,CamBoth_2026-02-23_13-40-27.mp4,Inert atmosphere,Inert atmosphere,Inert atmosphere,Inert atmosphere,1,1,,,,,,,,,
Predictions_2026-02-23_13-40-27.json,,CamBoth_2026-02-23_13-40-28.mp4,Inert atmosphere,Inert atmosphere,,,1,,,,,,,,,,
Predictions_2026-02-23_13-40-27.json,,CamBoth_2026-02-23_13-40-32.mp4,Stir or Reflux,Inert atmosphere,,,0,,,,,,,,,,
Predictions_2026-02-23_14-12-17.json,Predictions_2026-02-23_14-12-17.json,CamBoth_2026-02-23_14-12-17.mp4,Addition of liquids,Addition of liquids,Addition of liquids,Addition of liquids,1,1,,,,,,,,,
Predictions_2026-02-23_14-12-17.json,,CamBoth_2026-02-23_14-12-21.mp4,Addition of liquids,Addition of liquids,,,1,,,,,,,,,,
Predictions_2026-02-23_14-12-17.json,,CamBoth_2026-02-23_14-12-25.mp4,Addition of liquids,Addition of liquids,,,1,,,,,,,,,,
Predictions_2026-02-23_14-12-30.json,Predictions_2026-02-23_14-12-30.json,CamBoth_2026-02-23_14-12-30.mp4,Addition of liquids,Addition of liquids,Addition of liquids,Addition of liquids,1,1,,,,,,,,,
Predictions_2026-02-23_14-13-03.json,Predictions_2026-02-23_14-13-03.json,CamBoth_2026-02-23_14-13-03.mp4,Addition of liquids,Addition of liquids,Addition of liquids,Addition of liquids,1,1,,,,,,,,,
Predictions_2026-02-23_14-13-03.json,,CamBoth_2026-02-23_14-13-04.mp4,Addition of liquids,Addition of liquids,,,1,,,,,,,,,,
Predictions_2026-02-23_14-13-03.json,,CamBoth_2026-02-23_14-13-09.mp4,Addition of liquids,Addition of liquids,,,1,,,,,,,,,,
Predictions_2026-02-23_14-13-03.json,,CamBoth_2026-02-23_14-13-13.mp4,Filtration,Addition of liquids,,,0,,,,,,,,,,
Predictions_2026-02-23_14-13-03.json,,CamBoth_2026-02-23_14-13-17.mp4,Addition of liquids,Addition of liquids,,,1,,,,,,,,,,
Predictions_2026-02-23_14-13-03.json,,CamBoth_2026-02-23_14-13-21.mp4,Addition of liquids,Addition of liquids,,,1,,,,,,,,,,
Predictions_2026-02-23_14-15-06.json,Predictions_2026-02-23_14-15-06.json,CamBoth_2026-02-23_14-15-06.mp4,Addition of liquids,Addition of liquids,Addition of liquids,Addition of liquids,1,1,,,,,,,,,
Predictions_2026-02-23_14-15-06.json,,CamBoth_2026-02-23_14-15-07.mp4,Addition of liquids,Addition of liquids,,,1,,,,,,,,,,
Predictions_2026-02-23_14-15-06.json,,CamBoth_2026-02-23_14-15-11.mp4,Addition of liquids,Addition of liquids,,,1,,,,,,,,,,
Predictions_2026-02-23_14-15-06.json,,CamBoth_2026-02-23_14-15-15.mp4,Addition of liquids,Addition of liquids,,,1,,,,,,,,,,
Predictions_2026-02-23_14-15-47.json,Predictions_2026-02-23_14-15-47.json,CamBoth_2026-02-23_14-15-47.mp4,Addition of liquids,Addition of liquids,Addition of liquids,Addition of liquids,1,1,,,,,,,,,
Predictions_2026-02-23_14-15-47.json,,CamBoth_2026-02-23_14-15-51.mp4,Addition of liquids,Addition of liquids,,,1,,,,,,,,,,
Predictions_2026-02-23_14-15-47.json,,CamBoth_2026-02-23_14-15-55.mp4,Filtration,Addition of liquids,,,0,,,,,,,,,,
Predictions_2026-02-23_14-15-47.json,,CamBoth_2026-02-23_14-15-59.mp4,Addition of liquids,Addition of liquids,,,1,,,,,,,,,,
Predictions_2026-02-24_11-27-58.json,Predictions_2026-02-24_11-27-58.json,CamBoth_2026-02-24_11-27-58.mp4,Filtration,Stir or Reflux,Addition of liquids,Stir or Reflux,0,0,,,,,,,,,
Predictions_2026-02-24_11-27-58.json,,CamBoth_2026-02-24_11-28-02.mp4,Addition of liquids,Stir or Reflux,,,0,,,,,,,,,,
Predictions_2026-02-24_11-28-41.json,Predictions_2026-02-24_11-28-41.json,CamBoth_2026-02-24_11-28-41.mp4,Inert atmosphere,Inert atmosphere,Inert atmosphere,Inert atmosphere,1,1,,,,,,,,,
Predictions_2026-02-24_11-28-41.json,,CamBoth_2026-02-24_11-28-43.mp4,Inert atmosphere,Inert atmosphere,,,1,,,,,,,,,,
Predictions_2026-02-24_11-28-41.json,,CamBoth_2026-02-24_11-28-47.mp4,Inert atmosphere,Inert atmosphere,,,1,,,,,,,,,,
Predictions_2026-02-24_11-32-17.json,Predictions_2026-02-24_11-32-17.json,CamBoth_2026-02-24_11-32-17.mp4,Stir or Reflux,Addition of liquids,Stir or Reflux,Addition of liquids,0,0,,,,,,,,,
Predictions_2026-02-24_11-32-17.json,,CamBoth_2026-02-24_11-32-19.mp4,Stir or Reflux,Addition of liquids,,,0,,,,,,,,,,
Predictions_2026-02-24_11-32-17.json,,CamBoth_2026-02-24_11-32-24.mp4,Stir or Reflux,Addition of liquids,,,0,,,,,,,,,,
Predictions_2026-02-24_11-32-17.json,,CamBoth_2026-02-24_11-32-28.mp4,Stir or Reflux,Addition of liquids,,,0,,,,,,,,,,
Predictions_2026-02-24_11-32-17.json,,CamBoth_2026-02-24_11-32-32.mp4,Stir or Reflux,Addition of liquids,,,0,,,,,,,,,,
Predictions_2026-02-24_11-32-17.json,,CamBoth_2026-02-24_11-32-36.mp4,Stir or Reflux,Addition of liquids,,,0,,,,,,,,,,
Predictions_2026-02-24_11-32-17.json,,CamBoth_2026-02-24_11-32-40.mp4,Stir or Reflux,Addition of liquids,,,0,,,,,,,,,,
Predictions_2026-02-24_11-34-54.json,Predictions_2026-02-24_11-34-54.json,CamBoth_2026-02-24_11-34-54.mp4,Extraction,Addition of liquids,Addition of liquids,Addition of liquids,0,1,,,,,,,,,
Predictions_2026-02-24_11-34-54.json,,CamBoth_2026-02-24_11-34-55.mp4,Addition of liquids,Addition of liquids,,,1,,,,,,,,,,
Predictions_2026-02-24_11-34-54.json,,CamBoth_2026-02-24_11-34-59.mp4,Addition of liquids,Addition of liquids,,,1,,,,,,,,,,
Predictions_2026-02-24_11-34-54.json,,CamBoth_2026-02-24_11-35-03.mp4,Addition of liquids,Addition of liquids,,,1,,,,,,,,,,
Predictions_2026-02-24_11-48-27.json,Predictions_2026-02-24_11-48-27.json,CamBoth_2026-02-24_11-48-27.mp4,Addition of liquids,Addition of liquids,Addition of liquids,Addition of liquids,1,1,,,,,,,,,
Predictions_2026-02-24_11-48-27.json,,CamBoth_2026-02-24_11-48-32.mp4,Addition of liquids,Addition of liquids,,,1,,,,,,,,,,
Predictions_2026-02-24_11-48-27.json,,CamBoth_2026-02-24_11-48-36.mp4,Addition of liquids,Addition of liquids,,,1,,,,,,,,,,
Predictions_2026-02-24_11-48-27.json,,CamBoth_2026-02-24_11-48-40.mp4,Filtration,Addition of liquids,,,0,,,,,,,,,,
Predictions_2026-02-24_11-53-54.json,Predictions_2026-02-24_11-53-54.json,CamBoth_2026-02-24_11-53-54.mp4,Addition of liquids,Addition of liquids,Addition of liquids,Addition of liquids,1,1,,,,,,,,,
Predictions_2026-02-24_11-53-54.json,,CamBoth_2026-02-24_11-53-58.mp4,Addition of liquids,Addition of liquids,,,1,,,,,,,,,,
Predictions_2026-02-24_11-53-54.json,,CamBoth_2026-02-24_11-54-02.mp4,Addition of liquids,Addition of liquids,,,1,,,,,,,,,,
Predictions_2026-02-24_11-53-54.json,,CamBoth_2026-02-24_11-54-06.mp4,Addition of liquids,Addition of liquids,,,1,,,,,,,,,,
Predictions_2026-02-24_11-53-54.json,,CamBoth_2026-02-24_11-54-10.mp4,Addition of liquids,Addition of liquids,,,1,,,,,,,,,,
Predictions_2026-02-24_18-00-04.json,Predictions_2026-02-24_18-00-04.json,CamBoth_2026-02-24_18-00-04.mp4,Extraction,Extraction,Addition of liquids,Extraction,1,0,,,,,,,,,
Predictions_2026-02-24_18-00-04.json,,CamBoth_2026-02-24_18-00-07.mp4,Addition of liquids,Extraction,,,0,,,,,,,,,,
Predictions_2026-02-24_18-00-04.json,,CamBoth_2026-02-24_18-00-11.mp4,Extraction,Extraction,,,1,,,,,,,,,,
Predictions_2026-02-24_18-00-04.json,,CamBoth_2026-02-24_18-00-16.mp4,Addition of liquids,Extraction,,,0,,,,,,,,,,
Predictions_2026-02-24_18-05-53.json,Predictions_2026-02-24_18-05-53.json,CamBoth_2026-02-24_18-05-53.mp4,Addition of liquids,Extraction,Addition of liquids,Extraction,0,0,,,,,,,,,
Predictions_2026-02-24_18-05-53.json,,CamBoth_2026-02-24_18-05-57.mp4,Addition of liquids,Extraction,,,0,,,,,,,,,,
Predictions_2026-02-24_18-05-53.json,,CamBoth_2026-02-24_18-06-01.mp4,Addition of liquids,Extraction,,,0,,,,,,,,,,
Predictions_2026-02-25_08-50-11.json,Predictions_2026-02-25_08-50-11.json,CamBoth_2026-02-25_08-50-11.mp4,Stir or Reflux,Inert atmosphere,Stir or Reflux,Inert atmosphere,0,0,,,,,,,,,
Predictions_2026-02-25_08-50-11.json,,CamBoth_2026-02-25_08-50-12.mp4,Inert atmosphere,Inert atmosphere,,,1,,,,,,,,,,
Predictions_2026-02-25_08-50-11.json,,CamBoth_2026-02-25_08-50-16.mp4,Stir or Reflux,Inert atmosphere,,,0,,,,,,,,,,
Predictions_2026-02-25_08-50-33.json,Predictions_2026-02-25_08-50-33.json,CamBoth_2026-02-25_08-50-33.mp4,Inert atmosphere,Inert atmosphere,Inert atmosphere,Inert atmosphere,1,1,,,,,,,,,
Predictions_2026-02-25_08-50-33.json,,CamBoth_2026-02-25_08-50-35.mp4,Inert atmosphere,Inert atmosphere,,,1,,,,,,,,,,
Predictions_2026-02-25_08-50-33.json,,CamBoth_2026-02-25_08-50-39.mp4,Stir or Reflux,Inert atmosphere,,,0,,,,,,,,,,
Predictions_2026-02-25_08-51-11.json,Predictions_2026-02-25_08-51-11.json,CamBoth_2026-02-25_08-51-11.mp4,Inert atmosphere,Inert atmosphere,Stir or Reflux,Inert atmosphere,1,0,,,,,,,,,
Predictions_2026-02-25_08-51-11.json,,CamBoth_2026-02-25_08-51-15.mp4,Stir or Reflux,Inert atmosphere,,,0,,,,,,,,,,
Predictions_2026-02-25_08-52-11.json,Predictions_2026-02-25_08-52-11.json,CamBoth_2026-02-25_08-52-11.mp4,Inert atmosphere,Inert atmosphere,Inert atmosphere,Inert atmosphere,1,1,,,,,,,,,
Predictions_2026-02-25_08-52-11.json,,CamBoth_2026-02-25_08-52-13.mp4,Stir or Reflux,Inert atmosphere,,,0,,,,,,,,,,
Predictions_2026-02-25_08-57-59.json,Predictions_2026-02-25_08-57-59.json,CamBoth_2026-02-25_08-57-59.mp4,Addition of liquids,Addition of liquids,Addition of liquids,Addition of liquids,1,1,,,,,,,,,
Predictions_2026-02-25_08-57-59.json,,CamBoth_2026-02-25_08-58-03.mp4,Addition of liquids,Addition of liquids,,,1,,,,,,,,,,
Predictions_2026-02-25_08-57-59.json,,CamBoth_2026-02-25_08-58-07.mp4,Addition of liquids,Addition of liquids,,,1,,,,,,,,,,
Predictions_2026-02-25_08-57-59.json,,CamBoth_2026-02-25_08-58-11.mp4,Addition of liquids,Addition of liquids,,,1,,,,,,,,,,
Predictions_2026-02-25_08-59-40.json,Predictions_2026-02-25_08-59-40.json,CamBoth_2026-02-25_08-59-40.mp4,Addition of liquids,Addition of liquids,Addition of liquids,Addition of liquids,1,1,,,,,,,,,
Predictions_2026-02-25_08-59-40.json,,CamBoth_2026-02-25_08-59-44.mp4,Addition of liquids,Addition of liquids,,,1,,,,,,,,,,
Predictions_2026-02-25_08-59-40.json,,CamBoth_2026-02-25_08-59-48.mp4,Addition of liquids,Addition of liquids,,,1,,,,,,,,,,
Predictions_2026-02-25_09-00-33.json,Predictions_2026-02-25_09-00-33.json,CamBoth_2026-02-25_09-00-33.mp4,Addition of liquids,Addition of liquids,Addition of liquids,Addition of liquids,1,1,,,,,,,,,
Predictions_2026-02-25_09-00-33.json,,CamBoth_2026-02-25_09-00-34.mp4,Addition of liquids,Addition of liquids,,,1,,,,,,,,,,
Predictions_2026-02-25_09-00-33.json,,CamBoth_2026-02-25_09-00-38.mp4,Addition of liquids,Addition of liquids,,,1,,,,,,,,,,
Predictions_2026-02-25_09-00-33.json,,CamBoth_2026-02-25_09-00-42.mp4,Addition of liquids,Addition of liquids,,,1,,,,,,,,,,
Predictions_2026-02-25_09-00-33.json,,CamBoth_2026-02-25_09-00-46.mp4,Addition of liquids,Addition of liquids,,,1,,,,,,,,,,
Predictions_2026-02-25_13-39-54.json,Predictions_2026-02-25_13-39-54.json,CamBoth_2026-02-25_13-39-54.mp4,Inert atmosphere,Inert atmosphere,Inert atmosphere,Inert atmosphere,1,1,,,,,,,,,
Predictions_2026-02-25_13-39-54.json,,CamBoth_2026-02-25_13-39-56.mp4,Inert atmosphere,Inert atmosphere,,,1,,,,,,,,,,
Predictions_2026-02-25_13-39-54.json,,CamBoth_2026-02-25_13-40-00.mp4,Inert atmosphere,Inert atmosphere,,,1,,,,,,,,,,
Predictions_2026-02-25_13-40-12.json,Predictions_2026-02-25_13-40-12.json,CamBoth_2026-02-25_13-40-12.mp4,Inert atmosphere,Inert atmosphere,Inert atmosphere,Inert atmosphere,1,1,,,,,,,,,
Predictions_2026-02-25_13-40-12.json,,CamBoth_2026-02-25_13-40-15.mp4,Inert atmosphere,Inert atmosphere,,,1,,,,,,,,,,
Predictions_2026-02-25_13-40-12.json,,CamBoth_2026-02-25_13-40-19.mp4,Inert atmosphere,Inert atmosphere,,,1,,,,,,,,,,
Predictions_2026-02-25_13-40-31.json,Predictions_2026-02-25_13-40-31.json,CamBoth_2026-02-25_13-40-31.mp4,Inert atmosphere,Inert atmosphere,Inert atmosphere,Inert atmosphere,1,1,,,,,,,,,
Predictions_2026-02-25_13-40-31.json,,CamBoth_2026-02-25_13-40-34.mp4,Inert atmosphere,Inert atmosphere,,,1,,,,,,,,,,
Predictions_2026-02-25_13-40-31.json,,CamBoth_2026-02-25_13-40-39.mp4,Stir or Reflux,Inert atmosphere,,,0,,,,,,,,,,
Predictions_2026-02-25_13-40-58.json,Predictions_2026-02-25_13-40-58.json,CamBoth_2026-02-25_13-40-58.mp4,Inert atmosphere,Inert atmosphere,Inert atmosphere,Inert atmosphere,1,1,,,,,,,,,
Predictions_2026-02-25_13-40-58.json,,CamBoth_2026-02-25_13-40-59.mp4,Inert atmosphere,Inert atmosphere,,,1,,,,,,,,,,
Predictions_2026-02-25_13-40-58.json,,CamBoth_2026-02-25_13-41-03.mp4,Inert atmosphere,Inert atmosphere,,,1,,,,,,,,,,
Predictions_2026-02-25_13-44-19.json,Predictions_2026-02-25_13-44-19.json,CamBoth_2026-02-25_13-44-19.mp4,Addition of liquids,Addition of liquids,Addition of liquids,Addition of liquids,1,1,,,,,,,,,
Predictions_2026-02-25_13-44-20.json,Predictions_2026-02-25_13-44-20.json,CamBoth_2026-02-25_13-44-20.mp4,Addition of liquids,Addition of liquids,Addition of liquids,Addition of liquids,1,1,,,,,,,,,
Predictions_2026-02-25_13-44-20.json,,CamBoth_2026-02-25_13-44-24.mp4,Addition of liquids,Addition of liquids,,,1,,,,,,,,,,
Predictions_2026-02-25_13-44-20.json,,CamBoth_2026-02-25_13-44-29.mp4,Addition of liquids,Addition of liquids,,,1,,,,,,,,,,
Predictions_2026-02-25_13-44-57.json,Predictions_2026-02-25_13-44-57.json,CamBoth_2026-02-25_13-44-57.mp4,Inert atmosphere,Stir or Reflux,Inert atmosphere,Stir or Reflux,0,0,,,,,,,,,
Predictions_2026-02-25_13-44-57.json,,CamBoth_2026-02-25_13-44-58.mp4,Inert atmosphere,Stir or Reflux,,,0,,,,,,,,,,
Predictions_2026-02-25_13-45-40.json,Predictions_2026-02-25_13-45-40.json,CamBoth_2026-02-25_13-45-40.mp4,Addition of liquids,Addition of liquids,Addition of liquids,Addition of liquids,1,1,,,,,,,,,
Predictions_2026-02-25_13-45-40.json,,CamBoth_2026-02-25_13-45-45.mp4,Addition of liquids,Addition of liquids,,,1,,,,,,,,,,
Predictions_2026-02-25_13-45-40.json,,CamBoth_2026-02-25_13-45-49.mp4,Addition of liquids,Addition of liquids,,,1,,,,,,,,,,
Predictions_2026-02-25_13-45-40.json,,CamBoth_2026-02-25_13-45-53.mp4,Addition of liquids,Addition of liquids,,,1,,,,,,,,,,
Predictions_2026-02-25_13-46-47.json,Predictions_2026-02-25_13-46-47.json,CamBoth_2026-02-25_13-46-47.mp4,Stir or Reflux,Stir or Reflux,Stir or Reflux,Stir or Reflux,1,1,,,,,,,,,
Predictions_2026-02-25_13-46-47.json,,CamBoth_2026-02-25_13-46-50.mp4,Stir or Reflux,Stir or Reflux,,,1,,,,,,,,,,
Predictions_2026-02-25_13-47-46.json,Predictions_2026-02-25_13-47-46.json,CamBoth_2026-02-25_13-47-46.mp4,Addition of liquids,Addition of liquids,Addition of liquids,Addition of liquids,1,1,,,,,,,,,
Predictions_2026-02-25_13-47-46.json,,CamBoth_2026-02-25_13-47-49.mp4,Addition of liquids,Addition of liquids,,,1,,,,,,,,,,
Predictions_2026-02-25_13-47-46.json,,CamBoth_2026-02-25_13-47-53.mp4,Addition of liquids,Addition of liquids,,,1,,,,,,,,,,
Predictions_2026-02-25_13-47-46.json,,CamBoth_2026-02-25_13-47-57.mp4,Addition of liquids,Addition of liquids,,,1,,,,,,,,,,
Predictions_2026-02-25_13-48-29.json,Predictions_2026-02-25_13-48-29.json,CamBoth_2026-02-25_13-48-29.mp4,Stir or Reflux,Stir or Reflux,Stir or Reflux,Stir or Reflux,1,1,,,,,,,,,
Predictions_2026-02-25_13-48-29.json,,CamBoth_2026-02-25_13-48-31.mp4,Stir or Reflux,Stir or Reflux,,,1,,,,,,,,,,
Predictions_2026-02-25_13-49-31.json,Predictions_2026-02-25_13-49-31.json,CamBoth_2026-02-25_13-49-31.mp4,Addition of liquids,Addition of liquids,Addition of liquids,Addition of liquids,1,1,,,,,,,,,
Predictions_2026-02-25_13-49-31.json,,CamBoth_2026-02-25_13-49-33.mp4,Addition of liquids,Addition of liquids,,,1,,,,,,,,,,
Predictions_2026-02-25_13-49-31.json,,CamBoth_2026-02-25_13-49-37.mp4,Addition of liquids,Addition of liquids,,,1,,,,,,,,,,
Predictions_2026-02-25_13-49-31.json,,CamBoth_2026-02-25_13-49-41.mp4,Addition of liquids,Addition of liquids,,,1,,,,,,,,,,
Predictions_2026-02-25_13-49-31.json,,CamBoth_2026-02-25_13-49-45.mp4,Addition of liquids,Addition of liquids,,,1,,,,,,,,,,
Predictions_2026-02-25_13-50-47.json,Predictions_2026-02-25_13-50-47.json,CamBoth_2026-02-25_13-50-47.mp4,Stir or Reflux,Stir or Reflux,Stir or Reflux,Stir or Reflux,1,1,,,,,,,,,
Predictions_2026-02-25_13-50-47.json,,CamBoth_2026-02-25_13-50-50.mp4,Stir or Reflux,Stir or Reflux,,,1,,,,,,,,,,
Predictions_2026-02-26_16-44-31.json,Predictions_2026-02-26_16-44-31.json,CamBoth_2026-02-26_16-44-31.mp4,Addition of liquids,Inert atmosphere,Inert atmosphere,Inert atmosphere,0,1,,,,,,,,,
Predictions_2026-02-26_16-44-31.json,,CamBoth_2026-02-26_16-44-33.mp4,Inert atmosphere,Inert atmosphere,,,1,,,,,,,,,,
Predictions_2026-02-26_16-44-31.json,,CamBoth_2026-02-26_16-44-37.mp4,Inert atmosphere,Inert atmosphere,,,1,,,,,,,,,,
Predictions_2026-02-26_16-44-56.json,Predictions_2026-02-26_16-44-56.json,CamBoth_2026-02-26_16-44-56.mp4,Inert atmosphere,Inert atmosphere,Inert atmosphere,Inert atmosphere,1,1,,,,,,,,,
Predictions_2026-02-26_16-44-56.json,,CamBoth_2026-02-26_16-44-58.mp4,Addition of liquids,Inert atmosphere,,,0,,,,,,,,,,
Predictions_2026-02-26_16-44-56.json,,CamBoth_2026-02-26_16-45-02.mp4,Inert atmosphere,Inert atmosphere,,,1,,,,,,,,,,
Predictions_2026-02-26_16-45-45.json,Predictions_2026-02-26_16-45-45.json,CamBoth_2026-02-26_16-45-45.mp4,Inert atmosphere,Inert atmosphere,Stir or Reflux,Inert atmosphere,1,0,,,,,,,,,
Predictions_2026-02-26_16-45-45.json,,CamBoth_2026-02-26_16-45-47.mp4,Stir or Reflux,Inert atmosphere,,,0,,,,,,,,,,
Predictions_2026-02-26_16-46-12.json,Predictions_2026-02-26_16-46-12.json,CamBoth_2026-02-26_16-46-12.mp4,Addition of liquids,Inert atmosphere,Addition of liquids,Inert atmosphere,0,0,,,,,,,,,
Predictions_2026-02-26_16-46-12.json,,CamBoth_2026-02-26_16-46-16.mp4,Addition of liquids,Inert atmosphere,,,0,,,,,,,,,,
Predictions_2026-02-26_16-46-12.json,,CamBoth_2026-02-26_16-46-20.mp4,Addition of liquids,Inert atmosphere,,,0,,,,,,,,,,
Predictions_2026-02-26_16-48-56.json,Predictions_2026-02-26_16-48-56.json,CamBoth_2026-02-26_16-48-56.mp4,Addition of liquids,Addition of liquids,Addition of liquids,Addition of liquids,1,1,,,,,,,,,
Predictions_2026-02-26_16-48-56.json,,CamBoth_2026-02-26_16-48-59.mp4,Filtration,Addition of liquids,,,0,,,,,,,,,,
Predictions_2026-02-26_16-48-56.json,,CamBoth_2026-02-26_16-49-04.mp4,Addition of liquids,Addition of liquids,,,1,,,,,,,,,,
Predictions_2026-02-26_16-48-56.json,,CamBoth_2026-02-26_16-49-08.mp4,Addition of liquids,Addition of liquids,,,1,,,,,,,,,,
Predictions_2026-02-26_16-49-35.json,Predictions_2026-02-26_16-49-35.json,CamBoth_2026-02-26_16-49-35.mp4,Addition of liquids,Addition of liquids,Addition of liquids,Addition of liquids,1,1,,,,,,,,,
Predictions_2026-02-26_16-49-35.json,,CamBoth_2026-02-26_16-49-38.mp4,Addition of liquids,Addition of liquids,,,1,,,,,,,,,,
Predictions_2026-02-26_16-49-35.json,,CamBoth_2026-02-26_16-49-43.mp4,Addition of liquids,Addition of liquids,,,1,,,,,,,,,,
Predictions_2026-02-26_16-49-35.json,,CamBoth_2026-02-26_16-49-47.mp4,Addition of liquids,Addition of liquids,,,1,,,,,,,,,,
Predictions_2026-02-26_16-49-35.json,,CamBoth_2026-02-26_16-49-51.mp4,Addition of liquids,Addition of liquids,,,1,,,,,,,,,,
Predictions_2026-02-26_16-52-02.json,Predictions_2026-02-26_16-52-02.json,CamBoth_2026-02-26_16-52-02.mp4,Addition of liquids,Addition of liquids,Addition of liquids,Addition of liquids,1,1,,,,,,,,,
Predictions_2026-02-26_16-52-02.json,,CamBoth_2026-02-26_16-52-04.mp4,Addition of liquids,Addition of liquids,,,1,,,,,,,,,,
Predictions_2026-02-26_16-52-02.json,,CamBoth_2026-02-26_16-52-08.mp4,Addition of liquids,Addition of liquids,,,1,,,,,,,,,,
Predictions_2026-02-26_16-52-02.json,,CamBoth_2026-02-26_16-52-12.mp4,Addition of liquids,Addition of liquids,,,1,,,,,,,,,,
Predictions_2026-02-26_16-53-00.json,Predictions_2026-02-26_16-53-00.json,CamBoth_2026-02-26_16-53-00.mp4,Addition of liquids,Addition of liquids,Addition of liquids,Addition of liquids,1,1,,,,,,,,,
Predictions_2026-02-26_16-53-00.json,,CamBoth_2026-02-26_16-53-04.mp4,Addition of liquids,Addition of liquids,,,1,,,,,,,,,,
Predictions_2026-02-26_16-53-00.json,,CamBoth_2026-02-26_16-53-08.mp4,Addition of liquids,Addition of liquids,,,1,,,,,,,,,,
Predictions_2026-03-02_10-07-50.json,Predictions_2026-03-02_10-07-50.json,CamBoth_2026-03-02_10-07-50.mp4,Inert atmosphere,Inert atmosphere,Inert atmosphere,Inert atmosphere,1,1,,,,,,,,,
Predictions_2026-03-02_10-07-50.json,,CamBoth_2026-03-02_10-07-55.mp4,Inert atmosphere,Inert atmosphere,,,1,,,,,,,,,,
Predictions_2026-03-02_10-07-50.json,,CamBoth_2026-03-02_10-07-59.mp4,Inert atmosphere,Inert atmosphere,,,1,,,,,,,,,,
Predictions_2026-03-02_10-10-30.json,Predictions_2026-03-02_10-10-30.json,CamBoth_2026-03-02_10-10-30.mp4,Addition of liquids,Addition of liquids,Addition of liquids,Addition of liquids,1,1,,,,,,,,,
Predictions_2026-03-02_10-10-30.json,,CamBoth_2026-03-02_10-10-31.mp4,Filtration,Addition of liquids,,,0,,,,,,,,,,
Predictions_2026-03-02_10-10-30.json,,CamBoth_2026-03-02_10-10-36.mp4,Addition of liquids,Addition of liquids,,,1,,,,,,,,,,
Predictions_2026-03-02_10-10-30.json,,CamBoth_2026-03-02_10-10-40.mp4,Addition of liquids,Addition of liquids,,,1,,,,,,,,,,
Predictions_2026-03-02_10-10-30.json,,CamBoth_2026-03-02_10-10-44.mp4,Addition of liquids,Addition of liquids,,,1,,,,,,,,,,
Predictions_2026-03-02_10-10-48.json,Predictions_2026-03-02_10-10-48.json,CamBoth_2026-03-02_10-10-48.mp4,Filtration,Addition of liquids,Filtration,Addition of liquids,0,0,,,,,,,,,
Predictions_2026-03-02_10-10-48.json,,CamBoth_2026-03-02_10-10-52.mp4,Filtration,Addition of liquids,,,0,,,,,,,,,,
Predictions_2026-03-02_10-10-48.json,,CamBoth_2026-03-02_10-10-56.mp4,Addition of liquids,Addition of liquids,,,1,,,,,,,,,,
Predictions_2026-03-02_11-19-26.json,Predictions_2026-03-02_11-19-26.json,CamBoth_2026-03-02_11-19-26.mp4,Extraction,Inert atmosphere,Extraction,Inert atmosphere,0,0,,,,,,,,,
Predictions_2026-03-02_11-19-26.json,,CamBoth_2026-03-02_11-19-30.mp4,Extraction,Inert atmosphere,,,0,,,,,,,,,,
Predictions_2026-03-02_11-19-51.json,Predictions_2026-03-02_11-19-51.json,CamBoth_2026-03-02_11-19-51.mp4,Extraction,Inert atmosphere,Extraction,Inert atmosphere,0,0,,,,,,,,,
Predictions_2026-03-02_11-19-51.json,,CamBoth_2026-03-02_11-19-53.mp4,Extraction,Inert atmosphere,,,0,,,,,,,,,,
Predictions_2026-03-02_11-19-51.json,,CamBoth_2026-03-02_11-19-57.mp4,Extraction,Inert atmosphere,,,0,,,,,,,,,,
Predictions_2026-03-02_11-20-24.json,Predictions_2026-03-02_11-20-24.json,CamBoth_2026-03-02_11-20-24.mp4,Extraction,Inert atmosphere,Extraction,Inert atmosphere,0,0,,,,,,,,,
Predictions_2026-03-02_11-20-24.json,,CamBoth_2026-03-02_11-20-28.mp4,Extraction,Inert atmosphere,,,0,,,,,,,,,,
Predictions_2026-03-02_11-21-00.json,Predictions_2026-03-02_11-21-00.json,CamBoth_2026-03-02_11-21-00.mp4,Inert atmosphere,Inert atmosphere,Stir or Reflux,Inert atmosphere,1,0,,,,,,,,,
Predictions_2026-03-02_11-21-00.json,,CamBoth_2026-03-02_11-21-05.mp4,Stir or Reflux,Inert atmosphere,,,0,,,,,,,,,,
Predictions_2026-03-02_11-22-22.json,Predictions_2026-03-02_11-22-22.json,CamBoth_2026-03-02_11-22-22.mp4,Addition of liquids,Addition of liquids,Addition of liquids,Addition of liquids,1,1,,,,,,,,,
Predictions_2026-03-02_11-22-22.json,,CamBoth_2026-03-02_11-22-25.mp4,Addition of liquids,Addition of liquids,,,1,,,,,,,,,,
Predictions_2026-03-02_11-22-22.json,,CamBoth_2026-03-02_11-22-29.mp4,Addition of liquids,Addition of liquids,,,1,,,,,,,,,,
Predictions_2026-03-02_11-22-22.json,,CamBoth_2026-03-02_11-22-33.mp4,Addition of liquids,Addition of liquids,,,1,,,,,,,,,,
Predictions_2026-03-02_11-23-07.json,Predictions_2026-03-02_11-23-07.json,CamBoth_2026-03-02_11-23-07.mp4,Stir or Reflux,Stir or Reflux,Stir or Reflux,Stir or Reflux,1,1,,,,,,,,,
Predictions_2026-03-02_11-23-07.json,,CamBoth_2026-03-02_11-23-09.mp4,Stir or Reflux,Stir or Reflux,,,1,,,,,,,,,,
Predictions_2026-03-02_11-23-58.json,Predictions_2026-03-02_11-23-58.json,CamBoth_2026-03-02_11-23-58.mp4,Addition of liquids,Addition of liquids,Addition of liquids,Addition of liquids,1,1,,,,,,,,,
Predictions_2026-03-02_11-23-58.json,,CamBoth_2026-03-02_11-23-59.mp4,Addition of liquids,Addition of liquids,,,1,,,,,,,,,,
Predictions_2026-03-02_11-23-58.json,,CamBoth_2026-03-02_11-24-03.mp4,Addition of liquids,Addition of liquids,,,1,,,,,,,,,,
Predictions_2026-03-02_11-23-58.json,,CamBoth_2026-03-02_11-24-08.mp4,Addition of liquids,Addition of liquids,,,1,,,,,,,,,,
Predictions_2026-03-02_11-23-58.json,,CamBoth_2026-03-02_11-24-12.mp4,Addition of liquids,Addition of liquids,,,1,,,,,,,,,,
Predictions_2026-03-02_11-24-49.json,Predictions_2026-03-02_11-24-49.json,CamBoth_2026-03-02_11-24-49.mp4,Stir or Reflux,Stir or Reflux,Stir or Reflux,Stir or Reflux,1,1,,,,,,,,,
Predictions_2026-03-02_11-24-49.json,,CamBoth_2026-03-02_11-24-50.mp4,Stir or Reflux,Stir or Reflux,,,1,,,,,,,,,,
Predictions_2026-03-02_11-24-49.json,,CamBoth_2026-03-02_11-24-54.mp4,Stir or Reflux,Stir or Reflux,,,1,,,,,,,,,,
Predictions_2026-03-02_11-25-35.json,Predictions_2026-03-02_11-25-35.json,CamBoth_2026-03-02_11-25-35.mp4,Addition of liquids,Addition of liquids,Addition of liquids,Addition of liquids,1,1,,,,,,,,,
Predictions_2026-03-02_11-25-35.json,,CamBoth_2026-03-02_11-25-39.mp4,Addition of liquids,Addition of liquids,,,1,,,,,,,,,,
Predictions_2026-03-02_11-25-35.json,,CamBoth_2026-03-02_11-25-43.mp4,Addition of liquids,Addition of liquids,,,1,,,,,,,,,,
Predictions_2026-03-02_11-26-14.json,Predictions_2026-03-02_11-26-14.json,CamBoth_2026-03-02_11-26-14.mp4,Stir or Reflux,Stir or Reflux,Stir or Reflux,Stir or Reflux,1,1,,,,,,,,,
Predictions_2026-03-02_11-26-14.json,,CamBoth_2026-03-02_11-26-15.mp4,Stir or Reflux,Stir or Reflux,,,1,,,,,,,,,,
Predictions_2026-03-02_11-26-56.json,Predictions_2026-03-02_11-26-56.json,CamBoth_2026-03-02_11-26-56.mp4,Addition of liquids,Addition of liquids,Addition of liquids,Addition of liquids,1,1,,,,,,,,,
Predictions_2026-03-02_11-26-56.json,,CamBoth_2026-03-02_11-27-00.mp4,Addition of liquids,Addition of liquids,,,1,,,,,,,,,,
Predictions_2026-03-02_11-26-56.json,,CamBoth_2026-03-02_11-27-04.mp4,Addition of liquids,Addition of liquids,,,1,,,,,,,,,,
Predictions_2026-03-02_11-26-56.json,,CamBoth_2026-03-02_11-27-09.mp4,Addition of liquids,Addition of liquids,,,1,,,,,,,,,,
Predictions_2026-03-02_11-26-56.json,,CamBoth_2026-03-02_11-27-13.mp4,Addition of liquids,Addition of liquids,,,1,,,,,,,,,,
Predictions_2026-03-02_11-27-47.json,Predictions_2026-03-02_11-27-47.json,CamBoth_2026-03-02_11-27-47.mp4,Stir or Reflux,Stir or Reflux,Inert atmosphere,Stir or Reflux,1,0,,,,,,,,,
Predictions_2026-03-02_11-27-47.json,,CamBoth_2026-03-02_11-27-50.mp4,Inert atmosphere,Stir or Reflux,,,0,,,,,,,,,,
Predictions_2026-03-02_11-31-58.json,Predictions_2026-03-02_11-31-58.json,CamBoth_2026-03-02_11-31-58.mp4,Addition of liquids,Addition of liquids,Addition of liquids,Addition of liquids,1,1,,,,,,,,,
Predictions_2026-03-02_11-31-58.json,,CamBoth_2026-03-02_11-32-02.mp4,Addition of liquids,Addition of liquids,,,1,,,,,,,,,,
Predictions_2026-03-02_11-31-58.json,,CamBoth_2026-03-02_11-32-06.mp4,Addition of liquids,Addition of liquids,,,1,,,,,,,,,,
Predictions_2026-03-02_11-32-10.json,Predictions_2026-03-02_11-32-10.json,CamBoth_2026-03-02_11-32-10.mp4,Addition of liquids,Addition of liquids,,,1,,,,,,,,,,
Predictions_2026-03-02_11-32-36.json,Predictions_2026-03-02_11-32-36.json,CamBoth_2026-03-02_11-32-36.mp4,Stir or Reflux,Stir or Reflux,Stir or Reflux,Stir or Reflux,1,1,,,,,,,,,
Predictions_2026-03-02_11-32-36.json,,CamBoth_2026-03-02_11-32-38.mp4,Inert atmosphere,Stir or Reflux,,,0,,,,,,,,,,
Predictions_2026-03-03_13-57-23.json,Predictions_2026-03-03_13-57-23.json,CamBoth_2026-03-03_13-57-23.mp4,Inert atmosphere,Inert atmosphere,Inert atmosphere,Inert atmosphere,1,1,,,,,,,,,
Predictions_2026-03-03_13-57-23.json,,CamBoth_2026-03-03_13-57-24.mp4,Inert atmosphere,Inert atmosphere,,,1,,,,,,,,,,
Predictions_2026-03-03_13-57-23.json,,CamBoth_2026-03-03_13-57-28.mp4,Inert atmosphere,Inert atmosphere,,,1,,,,,,,,,,
Predictions_2026-03-03_13-58-01.json,Predictions_2026-03-03_13-58-01.json,CamBoth_2026-03-03_13-58-01.mp4,Inert atmosphere,Inert atmosphere,Inert atmosphere,Inert atmosphere,1,1,,,,,,,,,
Predictions_2026-03-03_13-58-01.json,,CamBoth_2026-03-03_13-58-03.mp4,Inert atmosphere,Inert atmosphere,,,1,,,,,,,,,,
Predictions_2026-03-03_13-58-18.json,Predictions_2026-03-03_13-58-18.json,CamBoth_2026-03-03_13-58-18.mp4,Inert atmosphere,Inert atmosphere,Inert atmosphere,Inert atmosphere,1,1,,,,,,,,,
Predictions_2026-03-03_13-58-18.json,,CamBoth_2026-03-03_13-58-19.mp4,Inert atmosphere,Inert atmosphere,,,1,,,,,,,,,,
Predictions_2026-03-03_13-58-36.json,Predictions_2026-03-03_13-58-36.json,CamBoth_2026-03-03_13-58-36.mp4,Inert atmosphere,Inert atmosphere,Inert atmosphere,Inert atmosphere,1,1,,,,,,,,,
Predictions_2026-03-03_13-58-36.json,,CamBoth_2026-03-03_14-04-02.mp4,Addition of liquids,Inert atmosphere,,,0,,,,,,,,,,
Predictions_2026-03-03_14-04-05.json,Predictions_2026-03-03_14-04-05.json,CamBoth_2026-03-03_14-04-05.mp4,Addition of liquids,Addition of liquids,Addition of liquids,Addition of liquids,1,1,,,,,,,,,
Predictions_2026-03-03_14-04-05.json,,CamBoth_2026-03-03_14-04-09.mp4,Addition of liquids,Addition of liquids,,,1,,,,,,,,,,
Predictions_2026-03-03_14-04-05.json,,CamBoth_2026-03-03_14-04-13.mp4,Filtration,Addition of liquids,,,0,,,,,,,,,,
Predictions_2026-03-03_14-04-17.json,Predictions_2026-03-03_14-04-17.json,CamBoth_2026-03-03_14-04-17.mp4,Filtration,Addition of liquids,Filtration,Addition of liquids,0,0,,,,,,,,,
Predictions_2026-03-03_14-05-17.json,Predictions_2026-03-03_14-05-17.json,CamBoth_2026-03-03_14-05-17.mp4,Addition of liquids,Addition of liquids,Addition of liquids,Addition of liquids,1,1,,,,,,,,,
Predictions_2026-03-03_14-05-17.json,,CamBoth_2026-03-03_14-05-20.mp4,Filtration,Addition of liquids,,,0,,,,,,,,,,
Predictions_2026-03-03_14-05-17.json,,CamBoth_2026-03-03_14-05-24.mp4,Addition of liquids,Addition of liquids,,,1,,,,,,,,,,
Predictions_2026-03-03_14-05-17.json,,CamBoth_2026-03-03_14-05-28.mp4,Filtration,Addition of liquids,,,0,,,,,,,,,,
Predictions_2026-03-03_14-06-53.json,Predictions_2026-03-03_14-06-53.json,CamBoth_2026-03-03_14-06-53.mp4,Addition of liquids,Addition of liquids,Addition of liquids,Addition of liquids,1,1,,,,,,,,,
Predictions_2026-03-03_14-06-53.json,,CamBoth_2026-03-03_14-06-54.mp4,Addition of liquids,Addition of liquids,,,1,,,,,,,,,,
Predictions_2026-03-03_14-06-53.json,,CamBoth_2026-03-03_14-06-58.mp4,Addition of liquids,Addition of liquids,,,1,,,,,,,,,,
Predictions_2026-03-03_14-06-53.json,,CamBoth_2026-03-03_14-07-03.mp4,Addition of liquids,Addition of liquids,,,1,,,,,,,,,,
Predictions_2026-03-03_14-07-30.json,Predictions_2026-03-03_14-07-30.json,CamBoth_2026-03-03_14-07-30.mp4,Addition of liquids,Addition of liquids,Addition of liquids,Addition of liquids,1,1,,,,,,,,,
Predictions_2026-03-03_14-07-30.json,,CamBoth_2026-03-03_14-07-32.mp4,Addition of liquids,Addition of liquids,,,1,,,,,,,,,,
Predictions_2026-03-03_14-07-30.json,,CamBoth_2026-03-03_14-07-37.mp4,Addition of liquids,Addition of liquids,,,1,,,,,,,,,,
Predictions_2026-03-03_14-07-41.json,Predictions_2026-03-03_14-07-41.json,CamBoth_2026-03-03_14-07-41.mp4,Addition of liquids,Addition of liquids,Addition of liquids,Addition of liquids,1,1,,,,,,,,,
Predictions_2026-03-03_14-25-59.json,Predictions_2026-03-03_14-25-59.json,CamBoth_2026-03-03_14-25-59.mp4,Inert atmosphere,Inert atmosphere,Inert atmosphere,Inert atmosphere,1,1,,,,,,,,,
Predictions_2026-03-03_14-25-59.json,,CamBoth_2026-03-03_14-26-04.mp4,Stir or Reflux,Inert atmosphere,,,0,,,,,,,,,,
Predictions_2026-03-03_14-26-40.json,Predictions_2026-03-03_14-26-40.json,CamBoth_2026-03-03_14-26-40.mp4,Addition of liquids,Addition of liquids,Addition of liquids,Addition of liquids,1,1,,,,,,,,,
Predictions_2026-03-03_14-26-40.json,,CamBoth_2026-03-03_14-26-44.mp4,Addition of liquids,Addition of liquids,,,1,,,,,,,,,,
Predictions_2026-03-03_14-26-40.json,,CamBoth_2026-03-03_14-26-48.mp4,Addition of liquids,Addition of liquids,,,1,,,,,,,,,,
Predictions_2026-03-03_14-26-40.json,,CamBoth_2026-03-03_14-26-52.mp4,Addition of liquids,Addition of liquids,,,1,,,,,,,,,,
Predictions_2026-03-03_18-38-22.json,Predictions_2026-03-03_18-38-22.json,CamBoth_2026-03-03_18-38-22.mp4,Inert atmosphere,Inert atmosphere,Inert atmosphere,Inert atmosphere,1,1,,,,,,,,,
Predictions_2026-03-03_18-38-22.json,,CamBoth_2026-03-03_18-38-26.mp4,Inert atmosphere,Inert atmosphere,,,1,,,,,,,,,,
Predictions_2026-03-03_18-38-22.json,,CamBoth_2026-03-03_18-38-30.mp4,Inert atmosphere,Inert atmosphere,,,1,,,,,,,,,,
Predictions_2026-03-03_18-51-20.json,Predictions_2026-03-03_18-51-20.json,CamBoth_2026-03-03_18-51-20.mp4,Addition of liquids,Addition of liquids,Addition of liquids,Addition of liquids,1,1,,,,,,,,,
Predictions_2026-03-03_18-51-20.json,,CamBoth_2026-03-03_18-51-21.mp4,Addition of liquids,Addition of liquids,,,1,,,,,,,,,,
Predictions_2026-03-03_18-51-20.json,,CamBoth_2026-03-03_18-51-25.mp4,Addition of liquids,Addition of liquids,,,1,,,,,,,,,,
Predictions_2026-03-03_18-51-20.json,,CamBoth_2026-03-03_18-51-29.mp4,Filtration,Addition of liquids,,,0,,,,,,,,,,
Predictions_2026-03-03_18-51-20.json,,CamBoth_2026-03-03_18-51-33.mp4,Addition of liquids,Addition of liquids,,,1,,,,,,,,,,
Predictions_2026-03-03_18-51-20.json,,CamBoth_2026-03-03_18-51-37.mp4,Addition of liquids,Addition of liquids,,,1,,,,,,,,,,
Predictions_2026-03-03_18-54-47.json,Predictions_2026-03-03_18-54-47.json,CamBoth_2026-03-03_18-54-47.mp4,Addition of liquids,Addition of liquids,Addition of liquids,Addition of liquids,1,1,,,,,,,,,
Predictions_2026-03-03_18-54-47.json,,CamBoth_2026-03-03_18-54-49.mp4,Addition of liquids,Addition of liquids,,,1,,,,,,,,,,
Predictions_2026-03-03_18-54-53.json,Predictions_2026-03-03_18-54-53.json,CamBoth_2026-03-03_18-54-53.mp4,Addition of liquids,Addition of liquids,Addition of liquids,Addition of liquids,1,1,,,,,,,,,
Predictions_2026-03-04_10-48-00.json,Predictions_2026-03-04_10-48-00.json,CamBoth_2026-03-04_10-48-00.mp4,Filtration,Addition of liquids,Filtration,Addition of liquids,0,0,,,,,,,,,
Predictions_2026-03-04_10-48-00.json,,CamBoth_2026-03-04_10-48-01.mp4,Filtration,Addition of liquids,,,0,,,,,,,,,,
Predictions_2026-03-04_10-48-00.json,,CamBoth_2026-03-04_10-48-06.mp4,Addition of liquids,Addition of liquids,,,1,,,,,,,,,,
Predictions_2026-03-04_10-48-00.json,,CamBoth_2026-03-04_10-48-10.mp4,Filtration,Addition of liquids,,,0,,,,,,,,,,
Predictions_2026-03-04_10-48-14.json,Predictions_2026-03-04_10-48-14.json,CamBoth_2026-03-04_10-48-14.mp4,Filtration,Addition of liquids,Filtration,Addition of liquids,0,0,,,,,,,,,
Predictions_2026-03-04_10-48-14.json,,CamBoth_2026-03-04_10-48-18.mp4,Filtration,Addition of liquids,,,0,,,,,,,,,,
Predictions_2026-03-04_10-48-14.json,,CamBoth_2026-03-04_10-48-22.mp4,Stir or Reflux,Addition of liquids,,,0,,,,,,,,,,
Predictions_2026-03-04_10-49-50.json,Predictions_2026-03-04_10-49-50.json,CamBoth_2026-03-04_10-49-50.mp4,Filtration,Stir or Reflux,Filtration,Stir or Reflux,0,0,,,,,,,,,
Predictions_2026-03-04_10-49-50.json,,CamBoth_2026-03-04_10-49-53.mp4,Addition of liquids,Stir or Reflux,,,0,,,,,,,,,,
Predictions_2026-03-04_10-55-59.json,Predictions_2026-03-04_10-55-59.json,CamBoth_2026-03-04_10-55-59.mp4,Stir or Reflux,Stir or Reflux,Stir or Reflux,Stir or Reflux,1,1,,,,,,,,,
Predictions_2026-03-04_10-56-03.json,Predictions_2026-03-04_10-56-03.json,CamBoth_2026-03-04_10-56-03.mp4,Stir or Reflux,Stir or Reflux,Stir or Reflux,Stir or Reflux,1,1,,,,,,,,,
Predictions_2026-03-04_11-00-49.json,Predictions_2026-03-04_11-00-49.json,CamBoth_2026-03-04_11-00-49.mp4,Addition of liquids,Addition of liquids,Addition of liquids,Addition of liquids,1,1,,,,,,,,,
Predictions_2026-03-04_11-00-49.json,,CamBoth_2026-03-04_11-00-51.mp4,Addition of liquids,Addition of liquids,,,1,,,,,,,,,,
Predictions_2026-03-04_11-00-49.json,,CamBoth_2026-03-04_11-00-55.mp4,Addition of liquids,Addition of liquids,,,1,,,,,,,,,,
Predictions_2026-03-04_11-02-24.json,Predictions_2026-03-04_11-02-24.json,CamBoth_2026-03-04_11-02-24.mp4,Stir or Reflux,Stir or Reflux,Filtration,Stir or Reflux,1,0,,,,,,,,,
Predictions_2026-03-04_11-02-24.json,,CamBoth_2026-03-04_11-02-27.mp4,Filtration,Stir or Reflux,,,0,,,,,,,,,,
Predictions_2026-03-04_11-03-36.json,Predictions_2026-03-04_11-03-36.json,CamBoth_2026-03-04_11-03-36.mp4,Addition of liquids,Addition of liquids,Addition of liquids,Addition of liquids,1,1,,,,,,,,,
Predictions_2026-03-04_11-03-36.json,,CamBoth_2026-03-04_11-03-37.mp4,Addition of liquids,Addition of liquids,,,1,,,,,,,,,,
Predictions_2026-03-04_11-03-36.json,,CamBoth_2026-03-04_11-03-42.mp4,Addition of liquids,Addition of liquids,,,1,,,,,,,,,,
Predictions_2026-03-04_11-03-36.json,,CamBoth_2026-03-04_11-03-46.mp4,Filtration,Addition of liquids,,,0,,,,,,,,,,
Predictions_2026-03-04_11-03-36.json,,CamBoth_2026-03-04_11-03-50.mp4,Filtration,Addition of liquids,,,0,,,,,,,,,,
Predictions_2026-03-04_11-04-24.json,Predictions_2026-03-04_11-04-24.json,CamBoth_2026-03-04_11-04-24.mp4,Stir or Reflux,Stir or Reflux,Stir or Reflux,Stir or Reflux,1,1,,,,,,,,,
Predictions_2026-03-04_11-04-24.json,,CamBoth_2026-03-04_11-04-26.mp4,Stir or Reflux,Stir or Reflux,,,1,,,,,,,,,,
Predictions_2026-03-04_11-05-44.json,Predictions_2026-03-04_11-05-44.json,CamBoth_2026-03-04_11-05-44.mp4,Addition of liquids,Addition of liquids,Addition of liquids,Addition of liquids,1,1,,,,,,,,,
Predictions_2026-03-04_11-05-44.json,,CamBoth_2026-03-04_11-05-45.mp4,Addition of liquids,Addition of liquids,,,1,,,,,,,,,,
Predictions_2026-03-04_11-05-44.json,,CamBoth_2026-03-04_11-05-50.mp4,Addition of liquids,Addition of liquids,,,1,,,,,,,,,,
Predictions_2026-03-04_11-05-44.json,,CamBoth_2026-03-04_11-05-54.mp4,Addition of liquids,Addition of liquids,,,1,,,,,,,,,,
Predictions_2026-03-04_11-05-44.json,,CamBoth_2026-03-04_11-05-58.mp4,Addition of liquids,Addition of liquids,,,1,,,,,,,,,,
Predictions_2026-03-04_11-05-44.json,,CamBoth_2026-03-04_11-06-02.mp4,Stir or Reflux,Addition of liquids,,,0,,,,,,,,,,
Predictions_2026-03-04_11-06-21.json,Predictions_2026-03-04_11-06-21.json,CamBoth_2026-03-04_11-06-21.mp4,Filtration,Stir or Reflux,Filtration,Stir or Reflux,0,0,,,,,,,,,
Predictions_2026-03-04_11-06-21.json,,CamBoth_2026-03-04_11-06-22.mp4,Stir or Reflux,Stir or Reflux,,,1,,,,,,,,,,
Predictions_2026-03-04_11-06-26.json,Predictions_2026-03-04_11-06-26.json,CamBoth_2026-03-04_11-06-26.mp4,Inert atmosphere,Inert atmosphere,Inert atmosphere,Inert atmosphere,1,1,,,,,,,,,
Predictions_2026-03-04_11-06-26.json,,CamBoth_2026-03-04_15-23-48.mp4,Inert atmosphere,Inert atmosphere,,,1,,,,,,,,,,
Predictions_2026-03-04_11-06-26.json,,CamBoth_2026-03-04_15-23-51.mp4,Stir or Reflux,Inert atmosphere,,,0,,,,,,,,,,
Predictions_2026-03-04_15-24-11.json,Predictions_2026-03-04_15-24-11.json,CamBoth_2026-03-04_15-24-11.mp4,Inert atmosphere,Inert atmosphere,Inert atmosphere,Inert atmosphere,1,1,,,,,,,,,
Predictions_2026-03-04_15-24-11.json,,CamBoth_2026-03-04_15-24-13.mp4,Inert atmosphere,Inert atmosphere,,,1,,,,,,,,,,
Predictions_2026-03-04_15-24-11.json,,CamBoth_2026-03-04_15-24-17.mp4,Addition of liquids,Inert atmosphere,,,0,,,,,,,,,,
Predictions_2026-03-04_15-24-11.json,,CamBoth_2026-03-04_15-24-31.mp4,Addition of liquids,Inert atmosphere,,,0,,,,,,,,,,
Predictions_2026-03-04_15-25-55.json,Predictions_2026-03-04_15-25-55.json,CamBoth_2026-03-04_15-25-55.mp4,Inert atmosphere,Inert atmosphere,Inert atmosphere,Inert atmosphere,1,1,,,,,,,,,
Predictions_2026-03-04_15-25-55.json,,CamBoth_2026-03-04_15-25-58.mp4,Inert atmosphere,Inert atmosphere,,,1,,,,,,,,,,
Predictions_2026-03-04_15-34-07.json,Predictions_2026-03-04_15-34-07.json,CamBoth_2026-03-04_15-34-07.mp4,Addition of liquids,Addition of liquids,Addition of liquids,Addition of liquids,1,1,,,,,,,,,
Predictions_2026-03-04_15-34-07.json,,CamBoth_2026-03-04_15-34-08.mp4,Addition of liquids,Addition of liquids,,,1,,,,,,,,,,
Predictions_2026-03-04_15-34-07.json,,CamBoth_2026-03-04_15-34-12.mp4,Addition of liquids,Addition of liquids,,,1,,,,,,,,,,
Predictions_2026-03-04_15-34-07.json,,CamBoth_2026-03-04_15-34-16.mp4,Addition of liquids,Addition of liquids,,,1,,,,,,,,,,
Predictions_2026-03-04_15-40-47.json,Predictions_2026-03-04_15-40-47.json,CamBoth_2026-03-04_15-40-47.mp4,Stir or Reflux,Stir or Reflux,Stir or Reflux,Stir or Reflux,1,1,,,,,,,,,
Predictions_2026-03-04_15-40-47.json,,CamBoth_2026-03-04_15-40-48.mp4,Stir or Reflux,Stir or Reflux,,,1,,,,,,,,,,
Predictions_2026-03-04_15-41-29.json,Predictions_2026-03-04_15-41-29.json,CamBoth_2026-03-04_15-41-29.mp4,Addition of liquids,Addition of liquids,Addition of liquids,Addition of liquids,1,1,,,,,,,,,
Predictions_2026-03-04_15-41-29.json,,CamBoth_2026-03-04_15-41-33.mp4,Filtration,Addition of liquids,,,0,,,,,,,,,,
Predictions_2026-03-04_15-41-29.json,,CamBoth_2026-03-04_15-41-38.mp4,Addition of liquids,Addition of liquids,,,1,,,,,,,,,,
Predictions_2026-03-04_15-41-29.json,,CamBoth_2026-03-04_15-41-42.mp4,Addition of liquids,Addition of liquids,,,1,,,,,,,,,,
Predictions_2026-03-04_15-43-08.json,Predictions_2026-03-04_15-43-08.json,CamBoth_2026-03-04_15-43-08.mp4,Stir or Reflux,Stir or Reflux,Stir or Reflux,Stir or Reflux,1,1,,,,,,,,,
Predictions_2026-03-04_15-43-08.json,,CamBoth_2026-03-04_15-43-12.mp4,Stir or Reflux,Stir or Reflux,,,1,,,,,,,,,,
Predictions_2026-03-04_15-44-48.json,Predictions_2026-03-04_15-44-48.json,CamBoth_2026-03-04_15-44-48.mp4,Addition of liquids,Addition of liquids,Addition of liquids,Addition of liquids,1,1,,,,,,,,,
Predictions_2026-03-04_15-44-48.json,,CamBoth_2026-03-04_15-44-49.mp4,Addition of liquids,Addition of liquids,,,1,,,,,,,,,,
Predictions_2026-03-04_15-44-48.json,,CamBoth_2026-03-04_15-44-53.mp4,Addition of liquids,Addition of liquids,,,1,,,,,,,,,,
Predictions_2026-03-04_15-44-48.json,,CamBoth_2026-03-04_15-44-58.mp4,Addition of liquids,Addition of liquids,,,1,,,,,,,,,,
Predictions_2026-03-04_15-44-48.json,,CamBoth_2026-03-04_15-45-02.mp4,Addition of liquids,Addition of liquids,,,1,,,,,,,,,,
Predictions_2026-03-04_15-44-48.json,,CamBoth_2026-03-04_15-45-06.mp4,Addition of liquids,Addition of liquids,,,1,,,,,,,,,,
Predictions_2026-03-04_15-44-48.json,,CamBoth_2026-03-04_15-45-10.mp4,Addition of liquids,Addition of liquids,,,1,,,,,,,,,,
Predictions_2026-03-04_15-46-30.json,Predictions_2026-03-04_15-46-30.json,CamBoth_2026-03-04_15-46-30.mp4,Addition of liquids,Stir or Reflux,Addition of liquids,Stir or Reflux,0,0,,,,,,,,,
Predictions_2026-03-04_15-46-30.json,,CamBoth_2026-03-04_15-46-34.mp4,Addition of liquids,Stir or Reflux,,,0,,,,,,,,,,
Predictions_2026-03-04_15-58-21.json,Predictions_2026-03-04_15-58-21.json,CamBoth_2026-03-04_15-58-21.mp4,Addition of liquids,Inert atmosphere,Addition of liquids,Inert atmosphere,0,0,,,,,,,,,
Predictions_2026-03-04_15-58-21.json,,CamBoth_2026-03-04_15-58-23.mp4,Addition of liquids,Inert atmosphere,,,0,,,,,,,,,,
Predictions_2026-03-04_15-58-21.json,,CamBoth_2026-03-04_15-58-27.mp4,Addition of liquids,Inert atmosphere,,,0,,,,,,,,,,
Predictions_2026-03-04_15-59-30.json,Predictions_2026-03-04_15-59-30.json,CamBoth_2026-03-04_15-59-30.mp4,Inert atmosphere,Inert atmosphere,Inert atmosphere,Inert atmosphere,1,1,,,,,,,,,
Predictions_2026-03-04_15-59-30.json,,CamBoth_2026-03-04_15-59-33.mp4,Inert atmosphere,Inert atmosphere,,,1,,,,,,,,,,
Predictions_2026-03-04_15-59-49.json,Predictions_2026-03-04_15-59-49.json,CamBoth_2026-03-04_15-59-49.mp4,Inert atmosphere,Inert atmosphere,Inert atmosphere,Inert atmosphere,1,1,,,,,,,,,
Predictions_2026-03-04_15-59-49.json,,CamBoth_2026-03-04_15-59-50.mp4,Inert atmosphere,Inert atmosphere,,,1,,,,,,,,,,
Predictions_2026-03-04_15-59-49.json,,CamBoth_2026-03-04_15-59-54.mp4,Inert atmosphere,Inert atmosphere,,,1,,,,,,,,,,
Predictions_2026-03-04_16-01-39.json,Predictions_2026-03-04_16-01-39.json,CamBoth_2026-03-04_16-01-39.mp4,Addition of liquids,Addition of liquids,Addition of liquids,Addition of liquids,1,1,,,,,,,,,
Predictions_2026-03-04_16-01-39.json,,CamBoth_2026-03-04_16-01-42.mp4,Addition of liquids,Addition of liquids,,,1,,,,,,,,,,
Predictions_2026-03-04_16-01-39.json,,CamBoth_2026-03-04_16-01-47.mp4,Addition of liquids,Addition of liquids,,,1,,,,,,,,,,
Predictions_2026-03-04_16-01-39.json,,CamBoth_2026-03-04_16-01-51.mp4,Addition of liquids,Addition of liquids,,,1,,,,,,,,,,
Predictions_2026-03-04_16-01-39.json,,CamBoth_2026-03-04_16-01-55.mp4,Addition of liquids,Addition of liquids,,,1,,,,,,,,,,
Predictions_2026-03-04_16-01-39.json,,CamBoth_2026-03-04_16-01-59.mp4,Addition of liquids,Addition of liquids,,,1,,,,,,,,,,
Predictions_2026-03-04_16-01-39.json,,CamBoth_2026-03-04_16-02-04.mp4,Addition of liquids,Addition of liquids,,,1,,,,,,,,,,
Predictions_2026-03-04_16-03-52.json,Predictions_2026-03-04_16-03-52.json,CamBoth_2026-03-04_16-03-52.mp4,Stir or Reflux,Stir or Reflux,Stir or Reflux,Stir or Reflux,1,1,,,,,,,,,
Predictions_2026-03-04_16-03-52.json,,CamBoth_2026-03-04_16-03-56.mp4,Stir or Reflux,Stir or Reflux,,,1,,,,,,,,,,
Predictions_2026-03-04_16-04-12.json,Predictions_2026-03-04_16-04-12.json,CamBoth_2026-03-04_16-04-12.mp4,Addition of liquids,Addition of liquids,Addition of liquids,Addition of liquids,1,1,,,,,,,,,
Predictions_2026-03-04_16-04-12.json,,CamBoth_2026-03-04_16-04-15.mp4,Addition of liquids,Addition of liquids,,,1,,,,,,,,,,
Predictions_2026-03-04_16-04-19.json,Predictions_2026-03-04_16-04-19.json,CamBoth_2026-03-04_16-04-19.mp4,Addition of liquids,Addition of liquids,Addition of liquids,Addition of liquids,1,1,,,,,,,,,
Predictions_2026-03-04_16-04-19.json,,CamBoth_2026-03-04_16-04-23.mp4,Addition of liquids,Addition of liquids,,,1,,,,,,,,,,
Predictions_2026-03-04_16-04-19.json,,CamBoth_2026-03-04_16-05-28.mp4,Filtration,Addition of liquids,,,0,,,,,,,,,,
Predictions_2026-03-04_16-04-19.json,,CamBoth_2026-03-04_16-05-31.mp4,Addition of liquids,Addition of liquids,,,1,,,,,,,,,,
Predictions_2026-03-04_16-06-19.json,Predictions_2026-03-04_16-06-19.json,CamBoth_2026-03-04_16-06-19.mp4,Filtration,Stir or Reflux,Filtration,Stir or Reflux,0,0,,,,,,,,,
Predictions_2026-03-04_16-06-19.json,,CamBoth_2026-03-04_16-06-22.mp4,Filtration,Stir or Reflux,,,0,,,,,,,,,,
Predictions_2026-03-04_16-08-59.json,Predictions_2026-03-04_16-08-59.json,CamBoth_2026-03-04_16-08-59.mp4,Filtration,Addition of liquids,Filtration,Addition of liquids,0,0,,,,,,,,,
Predictions_2026-03-04_16-08-59.json,,CamBoth_2026-03-04_16-09-01.mp4,Filtration,Addition of liquids,,,0,,,,,,,,,,
Predictions_2026-03-04_16-08-59.json,,CamBoth_2026-03-04_16-09-06.mp4,Filtration,Addition of liquids,,,0,,,,,,,,,,
Predictions_2026-03-04_16-08-59.json,,CamBoth_2026-03-04_16-09-10.mp4,Filtration,Addition of liquids,,,0,,,,,,,,,,
Predictions_2026-03-04_16-08-59.json,,CamBoth_2026-03-04_16-09-14.mp4,Filtration,Addition of liquids,,,0,,,,,,,,,,
Predictions_2026-03-04_16-10-10.json,Predictions_2026-03-04_16-10-10.json,CamBoth_2026-03-04_16-10-10.mp4,Filtration,Stir or Reflux,Stir or Reflux,Stir or Reflux,1,1,,,,,,,,,
Predictions_2026-03-04_16-10-10.json,,CamBoth_2026-03-04_16-10-14.mp4,Stir or Reflux,Stir or Reflux,,,1,,,,,,,,,,
Predictions_2026-03-04_16-10-10.json,,CamBoth_2026-03-04_16-10-20.mp4,Addition of liquids,Stir or Reflux,,,0,,,,,,,,,,
Predictions_2026-03-05_09-32-49.json,Predictions_2026-03-05_09-32-49.json,CamBoth_2026-03-05_09-32-49.mp4,Filtration,Filtration,Filtration,Filtration,1,1,,,,,,,,,
Predictions_2026-03-05_09-32-49.json,,CamBoth_2026-03-05_09-32-50.mp4,Addition of liquids,Filtration,,,0,,,,,,,,,,
Predictions_2026-03-05_09-32-49.json,,CamBoth_2026-03-05_09-32-55.mp4,Addition of liquids,Filtration,,,0,,,,,,,,,,
Predictions_2026-03-05_09-32-49.json,,CamBoth_2026-03-05_09-32-59.mp4,Filtration,Filtration,,,1,,,,,,,,,,
Predictions_2026-03-05_09-38-23.json,Predictions_2026-03-05_09-38-23.json,CamBoth_2026-03-05_09-38-23.mp4,Filtration,Filtration,Filtration,Filtration,1,1,,,,,,,,,
Predictions_2026-03-05_09-38-23.json,,CamBoth_2026-03-05_09-38-27.mp4,Filtration,Filtration,,,1,,,,,,,,,,
Predictions_2026-03-05_09-38-23.json,,CamBoth_2026-03-05_09-38-31.mp4,Filtration,Filtration,,,1,,,,,,,,,,
Predictions_2026-03-05_09-43-40.json,Predictions_2026-03-05_09-43-40.json,CamBoth_2026-03-05_09-43-40.mp4,Filtration,Filtration,Filtration,Filtration,1,1,,,,,,,,,
Predictions_2026-03-05_09-43-40.json,,CamBoth_2026-03-05_09-43-45.mp4,Filtration,Filtration,,,1,,,,,,,,,,
Predictions_2026-03-05_09-43-40.json,,CamBoth_2026-03-05_09-43-49.mp4,Filtration,Filtration,,,1,,,,,,,,,,
Predictions_2026-03-05_09-50-23.json,Predictions_2026-03-05_09-50-23.json,CamBoth_2026-03-05_09-50-23.mp4,Filtration,Filtration,Filtration,Filtration,1,1,,,,,,,,,
Predictions_2026-03-05_09-50-23.json,,CamBoth_2026-03-05_09-50-24.mp4,Filtration,Filtration,,,1,,,,,,,,,,
Predictions_2026-03-05_09-50-23.json,,CamBoth_2026-03-05_09-50-28.mp4,Filtration,Filtration,,,1,,,,,,,,,,
Predictions_2026-03-05_09-50-23.json,,CamBoth_2026-03-05_09-50-32.mp4,Filtration,Filtration,,,1,,,,,,,,,,
Predictions_2026-03-05_09-53-22.json,Predictions_2026-03-05_09-53-22.json,CamBoth_2026-03-05_09-53-22.mp4,Filtration,Addition of liquids,Addition of liquids,Addition of liquids,1,1,,,,,,,,,
Predictions_2026-03-05_09-53-22.json,,CamBoth_2026-03-05_09-53-25.mp4,Filtration,Addition of liquids,,,1,,,,,,,,,,
Predictions_2026-03-05_09-53-22.json,,CamBoth_2026-03-05_09-53-29.mp4,Filtration,Addition of liquids,,,1,,,,,,,,,,
Predictions_2026-03-06_18-17-55.json,Predictions_2026-03-06_18-17-55.json,CamBoth_2026-03-06_18-17-55.mp4,Addition of liquids,Addition of liquids,Addition of liquids,Addition of liquids,1,1,,,,,,,,,
Predictions_2026-03-06_18-17-55.json,,CamBoth_2026-03-06_18-17-59.mp4,Addition of liquids,Addition of liquids,,,1,,,,,,,,,,
Predictions_2026-03-06_18-17-55.json,,CamBoth_2026-03-06_18-18-03.mp4,Addition of liquids,Addition of liquids,,,1,,,,,,,,,,
Predictions_2026-03-06_18-29-04.json,Predictions_2026-03-06_18-29-04.json,CamBoth_2026-03-06_18-29-04.mp4,Addition of liquids,Stir or Reflux,Addition of liquids,Stir or Reflux,0,0,,,,,,,,,
Predictions_2026-03-06_18-29-04.json,,CamBoth_2026-03-06_18-29-07.mp4,Addition of liquids,Stir or Reflux,,,0,,,,,,,,,,
Predictions_2026-03-09_10-10-09.json,Predictions_2026-03-09_10-10-09.json,CamBoth_2026-03-09_10-10-09.mp4,Extraction,Extraction,Addition of liquids,Extraction,1,0,,,,,,,,,
Predictions_2026-03-09_10-10-09.json,,CamBoth_2026-03-09_10-10-10.mp4,Addition of liquids,Extraction,,,0,,,,,,,,,,
Predictions_2026-03-09_10-10-09.json,,CamBoth_2026-03-09_10-10-14.mp4,Addition of liquids,Extraction,,,0,,,,,,,,,,
Predictions_2026-03-09_10-10-09.json,,CamBoth_2026-03-09_10-10-18.mp4,Addition of liquids,Extraction,,,0,,,,,,,,,,
Predictions_2026-03-09_10-12-53.json,Predictions_2026-03-09_10-12-53.json,CamBoth_2026-03-09_10-12-53.mp4,Addition of liquids,Extraction,Addition of liquids,Extraction,0,0,,,,,,,,,
Predictions_2026-03-09_10-12-53.json,,CamBoth_2026-03-09_10-12-54.mp4,Filtration,Extraction,,,0,,,,,,,,,,
Predictions_2026-03-09_10-12-53.json,,CamBoth_2026-03-09_10-12-58.mp4,Addition of liquids,Extraction,,,0,,,,,,,,,,
Predictions_2026-03-09_10-17-42.json,Predictions_2026-03-09_10-17-42.json,CamBoth_2026-03-09_10-17-42.mp4,Stir or Reflux,Extraction,Addition of liquids,Extraction,0,0,,,,,,,,,
Predictions_2026-03-09_10-17-42.json,,CamBoth_2026-03-09_10-17-43.mp4,Addition of liquids,Extraction,,,0,,,,,,,,,,
Predictions_2026-03-09_10-17-42.json,,CamBoth_2026-03-09_10-17-47.mp4,Filtration,Extraction,,,0,,,,,,,,,,
Predictions_2026-03-09_10-17-42.json,,CamBoth_2026-03-09_10-17-51.mp4,Addition of liquids,Extraction,,,0,,,,,,,,,,
Predictions_2026-03-09_10-17-42.json,,CamBoth_2026-03-09_10-17-56.mp4,Addition of liquids,Extraction,,,0,,,,,,,,,,
Predictions_2026-03-09_10-28-16.json,Predictions_2026-03-09_10-28-16.json,CamBoth_2026-03-09_10-28-16.mp4,Addition of liquids,Extraction,Addition of liquids,Extraction,0,0,,,,,,,,,
Predictions_2026-03-09_10-28-16.json,,CamBoth_2026-03-09_10-28-20.mp4,Addition of liquids,Extraction,,,0,,,,,,,,,,
Predictions_2026-03-09_10-28-24.json,Predictions_2026-03-09_10-28-24.json,CamBoth_2026-03-09_10-28-24.mp4,Addition of liquids,Extraction,Addition of liquids,Extraction,0,0,,,,,,,,,
Predictions_2026-03-09_10-28-24.json,,CamBoth_2026-03-09_10-28-28.mp4,Stir or Reflux,Extraction,,,0,,,,,,,,,,
Predictions_2026-03-09_10-28-24.json,,CamBoth_2026-03-09_10-29-22.mp4,Addition of liquids,Extraction,,,0,,,,,,,,,,
Predictions_2026-03-09_10-28-24.json,,CamBoth_2026-03-09_10-29-26.mp4,Addition of liquids,Extraction,,,0,,,,,,,,,,
Predictions_2026-03-09_10-28-24.json,,CamBoth_2026-03-09_10-29-30.mp4,Addition of liquids,Extraction,,,0,,,,,,,,,,
Predictions_2026-03-09_10-29-35.json,Predictions_2026-03-09_10-29-35.json,CamBoth_2026-03-09_10-29-35.mp4,Addition of liquids,Extraction,Addition of liquids,Extraction,0,0,,,,,,,,,
Predictions_2026-03-09_10-29-35.json,,CamBoth_2026-03-09_10-30-38.mp4,Addition of liquids,Extraction,,,0,,,,,,,,,,
Predictions_2026-03-09_10-29-35.json,,CamBoth_2026-03-09_10-30-41.mp4,Addition of liquids,Extraction,,,0,,,,,,,,,,
Predictions_2026-03-09_10-29-35.json,,CamBoth_2026-03-09_10-30-46.mp4,Addition of liquids,Extraction,,,0,,,,,,,,,,
Predictions_2026-03-09_10-29-35.json,,CamBoth_2026-03-09_10-30-50.mp4,Addition of liquids,Extraction,,,0,,,,,,,,,,
Predictions_2026-03-09_10-29-35.json,,CamBoth_2026-03-09_10-30-54.mp4,Addition of liquids,Extraction,,,0,,,,,,,,,,
Predictions_2026-03-09_13-40-20.json,Predictions_2026-03-09_13-40-20.json,CamBoth_2026-03-09_13-40-20.mp4,Addition of liquids,Inert atmosphere,Addition of liquids,Inert atmosphere,0,0,,,,,,,,,
Predictions_2026-03-09_13-40-20.json,,CamBoth_2026-03-09_13-40-23.mp4,Addition of liquids,Inert atmosphere,,,0,,,,,,,,,,
Predictions_2026-03-09_13-40-49.json,Predictions_2026-03-09_13-40-49.json,CamBoth_2026-03-09_13-40-49.mp4,Addition of liquids,Inert atmosphere,Inert atmosphere,Inert atmosphere,0,1,,,,,,,,,
Predictions_2026-03-09_13-40-49.json,,CamBoth_2026-03-09_13-40-50.mp4,Inert atmosphere,Inert atmosphere,,,1,,,,,,,,,,
Predictions_2026-03-09_13-41-11.json,Predictions_2026-03-09_13-41-11.json,CamBoth_2026-03-09_13-41-11.mp4,Inert atmosphere,Inert atmosphere,Addition of liquids,Inert atmosphere,1,0,,,,,,,,,
Predictions_2026-03-09_13-41-11.json,,CamBoth_2026-03-09_13-41-14.mp4,Inert atmosphere,Inert atmosphere,,,1,,,,,,,,,,
Predictions_2026-03-09_13-41-11.json,,CamBoth_2026-03-09_13-41-17.mp4,Addition of liquids,Inert atmosphere,,,0,,,,,,,,,,
Predictions_2026-03-09_13-41-11.json,,CamBoth_2026-03-09_13-41-25.mp4,Addition of liquids,Inert atmosphere,,,0,,,,,,,,,,
Predictions_2026-03-09_13-49-11.json,Predictions_2026-03-09_13-49-11.json,CamBoth_2026-03-09_13-49-11.mp4,Addition of liquids,Addition of liquids,Addition of liquids,Addition of liquids,1,1,,,,,,,,,
Predictions_2026-03-09_13-49-11.json,,CamBoth_2026-03-09_13-49-13.mp4,Addition of liquids,Addition of liquids,,,1,,,,,,,,,,
Predictions_2026-03-09_13-49-11.json,,CamBoth_2026-03-09_13-49-17.mp4,Addition of liquids,Addition of liquids,,,1,,,,,,,,,,
Predictions_2026-03-09_13-49-11.json,,CamBoth_2026-03-09_13-49-21.mp4,Filtration,Addition of liquids,,,0,,,,,,,,,,
Predictions_2026-03-09_13-49-11.json,,CamBoth_2026-03-09_13-49-25.mp4,Addition of liquids,Addition of liquids,,,1,,,,,,,,,,
Predictions_2026-03-09_13-49-11.json,,CamBoth_2026-03-09_13-49-29.mp4,Filtration,Addition of liquids,,,0,,,,,,,,,,
Predictions_2026-03-09_13-49-48.json,Predictions_2026-03-09_13-49-48.json,CamBoth_2026-03-09_13-49-48.mp4,Filtration,Addition of liquids,Filtration,Addition of liquids,0,0,,,,,,,,,
Predictions_2026-03-09_13-49-48.json,,CamBoth_2026-03-09_13-49-51.mp4,Filtration,Addition of liquids,,,0,,,,,,,,,,
Predictions_2026-03-09_13-49-48.json,,CamBoth_2026-03-09_13-49-55.mp4,Filtration,Addition of liquids,,,0,,,,,,,,,,
Predictions_2026-03-09_13-49-48.json,,CamBoth_2026-03-09_13-49-59.mp4,Addition of liquids,Addition of liquids,,,1,,,,,,,,,,
Predictions_2026-03-09_13-49-48.json,,CamBoth_2026-03-09_13-50-04.mp4,Filtration,Addition of liquids,,,0,,,,,,,,,,
Predictions_2026-03-09_13-50-36.json,Predictions_2026-03-09_13-50-36.json,CamBoth_2026-03-09_13-50-36.mp4,Filtration,Addition of liquids,Addition of liquids,Addition of liquids,0,1,,,,,,,,,
Predictions_2026-03-09_13-50-36.json,,CamBoth_2026-03-09_13-50-37.mp4,Addition of liquids,Addition of liquids,,,1,,,,,,,,,,
Predictions_2026-03-09_13-50-41.json,Predictions_2026-03-09_13-50-41.json,CamBoth_2026-03-09_13-50-41.mp4,Filtration,Addition of liquids,Filtration,Addition of liquids,0,0,,,,,,,,,
Predictions_2026-03-09_13-50-41.json,,CamBoth_2026-03-09_13-50-45.mp4,Filtration,Addition of liquids,,,0,,,,,,,,,,
Predictions_2026-03-09_13-50-41.json,,CamBoth_2026-03-09_13-50-49.mp4,Filtration,Addition of liquids,,,0,,,,,,,,,,
Predictions_2026-03-09_13-50-41.json,,CamBoth_2026-03-09_13-50-53.mp4,Addition of liquids,Addition of liquids,,,1,,,,,,,,,,
Predictions_2026-03-09_13-57-57.json,Predictions_2026-03-09_13-57-57.json,CamBoth_2026-03-09_13-57-57.mp4,Addition of liquids,Addition of liquids,Addition of liquids,Addition of liquids,1,0,,,,,,,,,
Predictions_2026-03-09_13-57-57.json,,CamBoth_2026-03-09_13-58-00.mp4,Addition of liquids,Addition of liquids,,,1,,,,,,,,,,
Predictions_2026-03-09_13-57-57.json,,CamBoth_2026-03-09_13-58-04.mp4,Filtration,Addition of liquids,,,0,,,,,,,,,,
Predictions_2026-03-09_13-57-57.json,,CamBoth_2026-03-09_13-58-08.mp4,Filtration,Addition of liquids,,,0,,,,,,,,,,
Predictions_2026-03-09_13-58-24.json,Predictions_2026-03-09_13-58-24.json,CamBoth_2026-03-09_13-58-24.mp4,Filtration,Addition of liquids,Filtration,Addition of liquids,0,0,,,,,,,,,
Predictions_2026-03-09_13-58-24.json,,CamBoth_2026-03-09_13-58-27.mp4,Filtration,Addition of liquids,,,0,,,,,,,,,,
Predictions_2026-03-09_13-58-24.json,,CamBoth_2026-03-09_13-58-31.mp4,Filtration,Addition of liquids,,,0,,,,,,,,,,
Predictions_2026-03-09_13-58-24.json,,CamBoth_2026-03-09_13-58-36.mp4,Filtration,Addition of liquids,,,0,,,,,,,,,,
Predictions_2026-03-09_15-25-02.json,Predictions_2026-03-09_15-25-02.json,CamBoth_2026-03-09_15-25-02.mp4,Filtration,Addition of liquids,Addition of liquids,Addition of liquids,0,1,,,,,,,,,
Predictions_2026-03-09_15-25-02.json,,CamBoth_2026-03-09_15-25-03.mp4,Addition of liquids,Addition of liquids,,,1,,,,,,,,,,
Predictions_2026-03-09_15-25-02.json,,CamBoth_2026-03-09_15-25-08.mp4,Addition of liquids,Addition of liquids,,,1,,,,,,,,,,
Predictions_2026-03-09_15-25-02.json,,CamBoth_2026-03-09_15-25-12.mp4,Filtration,Addition of liquids,,,0,,,,,,,,,,
Predictions_2026-03-09_15-26-00.json,Predictions_2026-03-09_15-26-00.json,CamBoth_2026-03-09_15-26-00.mp4,Stir or Reflux,Stir or Reflux,Stir or Reflux,Stir or Reflux,1,1,,,,,,,,,
Predictions_2026-03-09_15-26-00.json,,CamBoth_2026-03-09_15-26-01.mp4,Stir or Reflux,Stir or Reflux,,,1,,,,,,,,,,
Predictions_2026-03-09_15-26-00.json,,CamBoth_2026-03-09_15-26-05.mp4,Extraction,Stir or Reflux,,,0,,,,,,,,,,
Predictions_2026-03-09_15-26-00.json,,CamBoth_2026-03-09_15-27-14.mp4,Stir or Reflux,Stir or Reflux,,,1,,,,,,,,,,
Predictions_2026-03-09_15-28-23.json,Predictions_2026-03-09_15-28-23.json,CamBoth_2026-03-09_15-28-23.mp4,Filtration,Addition of liquids,Filtration,Addition of liquids,0,0,,,,,,,,,
Predictions_2026-03-09_15-28-23.json,,CamBoth_2026-03-09_15-28-25.mp4,Addition of liquids,Addition of liquids,,,1,,,,,,,,,,
Predictions_2026-03-09_15-28-23.json,,CamBoth_2026-03-09_15-28-29.mp4,Filtration,Addition of liquids,,,0,,,,,,,,,,
Predictions_2026-03-09_15-28-23.json,,CamBoth_2026-03-09_15-28-33.mp4,Filtration,Addition of liquids,,,0,,,,,,,,,,
Predictions_2026-03-09_15-29-09.json,Predictions_2026-03-09_15-29-09.json,CamBoth_2026-03-09_15-29-09.mp4,Filtration,Stir or Reflux,Filtration,Stir or Reflux,0,0,,,,,,,,,
Predictions_2026-03-09_15-39-04.json,Predictions_2026-03-09_15-39-04.json,CamBoth_2026-03-09_15-39-04.mp4,Addition of liquids,Addition of liquids,Filtration,Addition of liquids,1,0,,,,,,,,,
Predictions_2026-03-09_15-39-04.json,,CamBoth_2026-03-09_15-39-05.mp4,Filtration,Addition of liquids,,,0,,,,,,,,,,
Predictions_2026-03-09_15-39-04.json,,CamBoth_2026-03-09_15-39-09.mp4,Filtration,Addition of liquids,,,0,,,,,,,,,,
Predictions_2026-03-09_15-39-04.json,,CamBoth_2026-03-09_15-39-13.mp4,Filtration,Addition of liquids,,,0,,,,,,,,,,
Predictions_2026-03-09_15-39-04.json,,CamBoth_2026-03-09_15-39-17.mp4,Filtration,Addition of liquids,,,0,,,,,,,,,,
Predictions_2026-03-09_15-39-04.json,,CamBoth_2026-03-09_15-39-22.mp4,Filtration,Addition of liquids,,,0,,,,,,,,,,
Predictions_2026-03-09_15-39-04.json,,CamBoth_2026-03-09_15-39-26.mp4,Filtration,Addition of liquids,,,0,,,,,,,,,,
Predictions_2026-03-09_15-41-37.json,Predictions_2026-03-09_15-41-37.json,CamBoth_2026-03-09_15-41-37.mp4,Filtration,Stir or Reflux,Filtration,Stir or Reflux,0,0,,,,,,,,,
Predictions_2026-03-09_15-41-37.json,,CamBoth_2026-03-09_15-41-40.mp4,Stir or Reflux,Stir or Reflux,,,1,,,,,,,,,,
Predictions_2026-03-09_15-45-15.json,Predictions_2026-03-09_15-45-15.json,CamBoth_2026-03-09_15-45-15.mp4,Filtration,Addition of liquids,Filtration,Addition of liquids,0,0,,,,,,,,,
Predictions_2026-03-09_15-45-19.json,Predictions_2026-03-09_15-45-19.json,CamBoth_2026-03-09_15-45-19.mp4,Filtration,Addition of liquids,Filtration,Addition of liquids,0,0,,,,,,,,,
Predictions_2026-03-09_15-45-19.json,,CamBoth_2026-03-09_15-45-23.mp4,Filtration,Addition of liquids,,,0,,,,,,,,,,
Predictions_2026-03-09_15-45-19.json,,CamBoth_2026-03-09_15-45-27.mp4,Filtration,Addition of liquids,,,0,,,,,,,,,,
Predictions_2026-03-09_15-45-19.json,,CamBoth_2026-03-09_15-45-31.mp4,Filtration,Addition of liquids,,,0,,,,,,,,,,
Predictions_2026-03-09_15-46-20.json,Predictions_2026-03-09_15-46-20.json,CamBoth_2026-03-09_15-46-20.mp4,Filtration,Stir or Reflux,Filtration,Stir or Reflux,0,0,,,,,,,,,
Predictions_2026-03-09_15-46-20.json,,CamBoth_2026-03-09_15-46-21.mp4,Filtration,Stir or Reflux,,,0,,,,,,,,,,
Predictions_2026-03-09_15-46-20.json,,CamBoth_2026-03-09_15-46-25.mp4,Addition of liquids,Stir or Reflux,,,0,,,,,,,,,,
Predictions_2026-03-09_15-49-42.json,Predictions_2026-03-09_15-49-42.json,CamBoth_2026-03-09_15-49-42.mp4,Addition of liquids,Addition of liquids,Filtration,Addition of liquids,1,0,,,,,,,,,
Predictions_2026-03-09_15-49-42.json,,CamBoth_2026-03-09_15-49-46.mp4,Filtration,Addition of liquids,,,0,,,,,,,,,,
Predictions_2026-03-09_15-49-42.json,,CamBoth_2026-03-09_15-49-50.mp4,Filtration,Addition of liquids,,,0,,,,,,,,,,
Predictions_2026-03-09_15-49-42.json,,CamBoth_2026-03-09_15-49-54.mp4,Filtration,Addition of liquids,,,0,,,,,,,,,,
Predictions_2026-03-09_15-49-42.json,,CamBoth_2026-03-09_15-49-58.mp4,Addition of liquids,Addition of liquids,,,1,,,,,,,,,,
Predictions_2026-03-09_17-30-43.json,Predictions_2026-03-09_17-30-43.json,CamBoth_2026-03-09_17-30-43.mp4,Inert atmosphere,Inert atmosphere,Inert atmosphere,Inert atmosphere,1,1,,,,,,,,,
Predictions_2026-03-09_17-30-43.json,,CamBoth_2026-03-09_17-30-45.mp4,Inert atmosphere,Inert atmosphere,,,1,,,,,,,,,,
Predictions_2026-03-09_17-31-02.json,Predictions_2026-03-09_17-31-02.json,CamBoth_2026-03-09_17-31-02.mp4,Stir or Reflux,Inert atmosphere,Inert atmosphere,Inert atmosphere,0,1,,,,,,,,,
Predictions_2026-03-09_17-31-02.json,,CamBoth_2026-03-09_17-31-03.mp4,Inert atmosphere,Inert atmosphere,,,1,,,,,,,,,,
Predictions_2026-03-09_17-31-02.json,,CamBoth_2026-03-09_17-31-07.mp4,Inert atmosphere,Inert atmosphere,,,1,,,,,,,,,,
Predictions_2026-03-09_17-43-07.json,Predictions_2026-03-09_17-43-07.json,CamBoth_2026-03-09_17-43-07.mp4,Addition of liquids,Addition of liquids,Addition of liquids,Addition of liquids,1,1,,,,,,,,,
Predictions_2026-03-09_17-43-07.json,,CamBoth_2026-03-09_17-43-11.mp4,Addition of liquids,Addition of liquids,,,1,,,,,,,,,,
Predictions_2026-03-09_17-43-07.json,,CamBoth_2026-03-09_17-43-15.mp4,Addition of liquids,Addition of liquids,,,1,,,,,,,,,,
Predictions_2026-03-09_17-43-07.json,,CamBoth_2026-03-09_17-43-19.mp4,Filtration,Addition of liquids,,,0,,,,,,,,,,
Predictions_2026-03-09_17-43-07.json,,CamBoth_2026-03-09_17-43-24.mp4,Addition of liquids,Addition of liquids,,,1,,,,,,,,,,
Predictions_2026-03-09_17-43-07.json,,CamBoth_2026-03-09_17-43-28.mp4,Addition of liquids,Addition of liquids,,,1,,,,,,,,,,
Predictions_2026-03-09_17-44-07.json,Predictions_2026-03-09_17-44-07.json,CamBoth_2026-03-09_17-44-07.mp4,Filtration,Stir or Reflux,Stir or Reflux,Stir or Reflux,0,1,,,,,,,,,
Predictions_2026-03-09_17-44-07.json,,CamBoth_2026-03-09_17-44-08.mp4,Stir or Reflux,Stir or Reflux,,,1,,,,,,,,,,
Predictions_2026-03-09_17-44-07.json,,CamBoth_2026-03-09_17-44-12.mp4,Addition of liquids,Stir or Reflux,,,0,,,,,,,,,,
Predictions_2026-03-09_17-44-07.json,,CamBoth_2026-03-09_17-44-55.mp4,Stir or Reflux,Stir or Reflux,,,1,,,,,,,,,,
Predictions_2026-03-09_17-46-45.json,Predictions_2026-03-09_17-46-45.json,CamBoth_2026-03-09_17-46-45.mp4,Addition of liquids,Addition of liquids,Addition of liquids,Addition of liquids,1,1,,,,,,,,,
Predictions_2026-03-09_17-46-45.json,,CamBoth_2026-03-09_17-46-47.mp4,Addition of liquids,Addition of liquids,,,1,,,,,,,,,,
Predictions_2026-03-09_17-46-45.json,,CamBoth_2026-03-09_17-46-51.mp4,Addition of liquids,Addition of liquids,,,1,,,,,,,,,,
Predictions_2026-03-09_17-46-56.json,Predictions_2026-03-09_17-46-56.json,CamBoth_2026-03-09_17-46-56.mp4,Addition of liquids,Addition of liquids,Addition of liquids,Addition of liquids,1,1,,,,,,,,,
Predictions_2026-03-09_17-46-56.json,,CamBoth_2026-03-09_17-47-00.mp4,Addition of liquids,Addition of liquids,,,1,,,,,,,,,,
Predictions_2026-03-09_17-47-31.json,Predictions_2026-03-09_17-47-31.json,CamBoth_2026-03-09_17-47-31.mp4,Filtration,Stir or Reflux,Filtration,Stir or Reflux,0,0,,,,,,,,,
Predictions_2026-03-09_17-47-31.json,,CamBoth_2026-03-09_17-47-33.mp4,Filtration,Stir or Reflux,,,0,,,,,,,,,,
Predictions_2026-03-10_14-06-36.json,Predictions_2026-03-10_14-06-36.json,CamBoth_2026-03-10_14-06-36.mp4,Inert atmosphere,Inert atmosphere,Inert atmosphere,Inert atmosphere,1,1,,,,,,,,,
Predictions_2026-03-10_14-06-36.json,,CamBoth_2026-03-10_14-06-38.mp4,Inert atmosphere,Inert atmosphere,,,1,,,,,,,,,,
Predictions_2026-03-10_14-06-36.json,,CamBoth_2026-03-10_14-06-42.mp4,Inert atmosphere,Inert atmosphere,,,1,,,,,,,,,,
Predictions_2026-03-10_14-06-57.json,Predictions_2026-03-10_14-06-57.json,CamBoth_2026-03-10_14-06-57.mp4,Inert atmosphere,Inert atmosphere,Inert atmosphere,Inert atmosphere,1,1,,,,,,,,,
Predictions_2026-03-10_14-06-57.json,,CamBoth_2026-03-10_14-07-00.mp4,Inert atmosphere,Inert atmosphere,,,1,,,,,,,,,,
Predictions_2026-03-10_14-08-37.json,Predictions_2026-03-10_14-08-37.json,CamBoth_2026-03-10_14-08-37.mp4,Inert atmosphere,Inert atmosphere,Inert atmosphere,Inert atmosphere,1,1,,,,,,,,,
Predictions_2026-03-10_14-08-37.json,,CamBoth_2026-03-10_14-08-39.mp4,Inert atmosphere,Inert atmosphere,,,1,,,,,,,,,,
Predictions_2026-03-10_14-10-01.json,Predictions_2026-03-10_14-10-01.json,CamBoth_2026-03-10_14-10-01.mp4,Filtration,Addition of liquids,Addition of liquids,Addition of liquids,0,1,,,,,,,,,
Predictions_2026-03-10_14-10-01.json,,CamBoth_2026-03-10_14-10-02.mp4,Addition of liquids,Addition of liquids,,,1,,,,,,,,,,
Predictions_2026-03-10_14-10-01.json,,CamBoth_2026-03-10_14-10-06.mp4,Addition of liquids,Addition of liquids,,,1,,,,,,,,,,
Predictions_2026-03-10_14-10-01.json,,CamBoth_2026-03-10_14-10-10.mp4,Addition of liquids,Addition of liquids,,,1,,,,,,,,,,
Predictions_2026-03-10_14-10-01.json,,CamBoth_2026-03-10_14-10-14.mp4,Filtration,Addition of liquids,,,0,,,,,,,,,,
Predictions_2026-03-10_14-10-01.json,,CamBoth_2026-03-10_14-10-19.mp4,Addition of liquids,Addition of liquids,,,1,,,,,,,,,,
Predictions_2026-03-10_14-11-21.json,Predictions_2026-03-10_14-11-21.json,CamBoth_2026-03-10_14-11-21.mp4,Filtration,Addition of liquids,Filtration,Addition of liquids,0,0,,,,,,,,,
Predictions_2026-03-10_14-11-21.json,,CamBoth_2026-03-10_14-11-22.mp4,Addition of liquids,Addition of liquids,,,1,,,,,,,,,,
Predictions_2026-03-10_14-11-21.json,,CamBoth_2026-03-10_14-11-26.mp4,Filtration,Addition of liquids,,,0,,,,,,,,,,
Predictions_2026-03-10_14-11-21.json,,CamBoth_2026-03-10_14-11-30.mp4,Addition of liquids,Addition of liquids,,,1,,,,,,,,,,
Predictions_2026-03-10_14-13-32.json,Predictions_2026-03-10_14-13-32.json,CamBoth_2026-03-10_14-13-32.mp4,Filtration,Addition of liquids,Filtration,Addition of liquids,0,0,,,,,,,,,
Predictions_2026-03-10_14-13-32.json,,CamBoth_2026-03-10_14-13-36.mp4,Filtration,Addition of liquids,,,0,,,,,,,,,,
Predictions_2026-03-10_14-13-32.json,,CamBoth_2026-03-10_14-13-40.mp4,Addition of liquids,Addition of liquids,,,1,,,,,,,,,,
Predictions_2026-03-10_14-13-32.json,,CamBoth_2026-03-10_14-13-45.mp4,Addition of liquids,Addition of liquids,,,1,,,,,,,,,,
Predictions_2026-03-10_14-16-45.json,Predictions_2026-03-10_14-16-45.json,CamBoth_2026-03-10_14-16-45.mp4,Filtration,Stir or Reflux,Filtration,Stir or Reflux,0,0,,,,,,,,,
Predictions_2026-03-10_14-16-45.json,,CamBoth_2026-03-10_14-16-49.mp4,Addition of liquids,Stir or Reflux,,,0,,,,,,,,,,
Predictions_2026-03-10_14-21-11.json,Predictions_2026-03-10_14-21-11.json,CamBoth_2026-03-10_14-21-11.mp4,Stir or Reflux,Stir or Reflux,Stir or Reflux,Stir or Reflux,1,1,,,,,,,,,
Predictions_2026-03-10_14-21-11.json,,CamBoth_2026-03-10_14-21-15.mp4,Stir or Reflux,Stir or Reflux,,,1,,,,,,,,,,
Predictions_2026-03-10_14-25-26.json,Predictions_2026-03-10_14-25-26.json,CamBoth_2026-03-10_14-25-26.mp4,Stir or Reflux,Stir or Reflux,Stir or Reflux,Stir or Reflux,1,1,,,,,,,,,
Predictions_2026-03-10_14-25-26.json,,CamBoth_2026-03-10_14-25-30.mp4,Inert atmosphere,Stir or Reflux,,,0,,,,,,,,,,
Predictions_2026-03-11_14-24-47.json,Predictions_2026-03-11_14-24-47.json,CamBoth_2026-03-11_14-24-47.mp4,Stir or Reflux,Inert atmosphere,Stir or Reflux,Inert atmosphere,0,0,,,,,,,,,
Predictions_2026-03-11_14-24-47.json,,CamBoth_2026-03-11_14-24-51.mp4,Stir or Reflux,Inert atmosphere,,,0,,,,,,,,,,
Predictions_2026-03-11_14-38-01.json,Predictions_2026-03-11_14-38-01.json,CamBoth_2026-03-11_14-38-01.mp4,Addition of liquids,Addition of liquids,Addition of liquids,Addition of liquids,1,1,,,,,,,,,
Predictions_2026-03-11_14-38-01.json,,CamBoth_2026-03-11_14-38-02.mp4,Addition of liquids,Addition of liquids,,,1,,,,,,,,,,
Predictions_2026-03-11_14-38-01.json,,CamBoth_2026-03-11_14-38-06.mp4,Addition of liquids,Addition of liquids,,,1,,,,,,,,,,
Predictions_2026-03-11_14-38-01.json,,CamBoth_2026-03-11_14-38-10.mp4,Addition of liquids,Addition of liquids,,,1,,,,,,,,,,
Predictions_2026-03-11_14-38-01.json,,CamBoth_2026-03-11_14-38-14.mp4,Addition of liquids,Addition of liquids,,,1,,,,,,,,,,
Predictions_2026-03-11_14-38-01.json,,CamBoth_2026-03-11_14-38-18.mp4,Addition of liquids,Addition of liquids,,,1,,,,,,,,,,
Predictions_2026-03-11_14-38-01.json,,CamBoth_2026-03-11_14-38-23.mp4,Addition of liquids,Addition of liquids,,,1,,,,,,,,,,
Predictions_2026-03-11_14-39-00.json,Predictions_2026-03-11_14-39-00.json,CamBoth_2026-03-11_14-39-00.mp4,Stir or Reflux,Stir or Reflux,Stir or Reflux,Stir or Reflux,1,1,,,,,,,,,
Predictions_2026-03-11_14-39-00.json,,CamBoth_2026-03-11_14-39-03.mp4,Stir or Reflux,Stir or Reflux,,,1,,,,,,,,,,
Predictions_2026-03-11_15-06-21.json,Predictions_2026-03-11_15-06-21.json,CamBoth_2026-03-11_15-06-21.mp4,Inert atmosphere,Inert atmosphere,Inert atmosphere,Inert atmosphere,1,1,,,,,,,,,
Predictions_2026-03-11_15-06-21.json,,CamBoth_2026-03-11_15-06-26.mp4,Inert atmosphere,Inert atmosphere,,,1,,,,,,,,,,
Predictions_2026-03-11_15-10-22.json,Predictions_2026-03-11_15-10-22.json,CamBoth_2026-03-11_15-10-22.mp4,Addition of liquids,Addition of liquids,Addition of liquids,Addition of liquids,1,1,,,,,,,,,
Predictions_2026-03-11_15-10-22.json,,CamBoth_2026-03-11_15-10-23.mp4,Addition of liquids,Addition of liquids,,,1,,,,,,,,,,
Predictions_2026-03-11_15-10-22.json,,CamBoth_2026-03-11_15-10-27.mp4,Addition of liquids,Addition of liquids,,,1,,,,,,,,,,
Predictions_2026-03-11_15-10-31.json,Predictions_2026-03-11_15-10-31.json,CamBoth_2026-03-11_15-10-31.mp4,Addition of liquids,Addition of liquids,Addition of liquids,Addition of liquids,1,1,,,,,,,,,
Predictions_2026-03-11_15-10-31.json,,CamBoth_2026-03-11_15-10-36.mp4,Addition of liquids,Addition of liquids,,,1,,,,,,,,,,
Predictions_2026-03-11_15-11-36.json,Predictions_2026-03-11_15-11-36.json,CamBoth_2026-03-11_15-11-36.mp4,Filtration,Stir or Reflux,Filtration,Stir or Reflux,0,0,,,,,,,,,
Predictions_2026-03-11_15-24-35.json,Predictions_2026-03-11_15-24-35.json,CamBoth_2026-03-11_15-24-35.mp4,Extraction,Extraction,Extraction,Extraction,1,1,,,,,,,,,
Predictions_2026-03-11_15-24-35.json,,CamBoth_2026-03-11_15-24-38.mp4,Extraction,Extraction,,,1,,,,,,,,,,
Predictions_2026-03-11_15-24-35.json,,CamBoth_2026-03-11_15-24-42.mp4,Addition of liquids,Extraction,,,0,,,,,,,,,,
Predictions_2026-03-11_15-27-16.json,Predictions_2026-03-11_15-27-16.json,CamBoth_2026-03-11_15-27-16.mp4,Extraction,Extraction,Extraction,Extraction,1,1,,,,,,,,,
Predictions_2026-03-11_15-27-16.json,,CamBoth_2026-03-11_15-27-20.mp4,Extraction,Extraction,,,1,,,,,,,,,,
Predictions_2026-03-11_15-27-16.json,,CamBoth_2026-03-11_15-27-24.mp4,Extraction,Extraction,,,1,,,,,,,,,,
Predictions_2026-03-11_15-27-16.json,,CamBoth_2026-03-11_15-27-28.mp4,Extraction,Extraction,,,1,,,,,,,,,,
Predictions_2026-03-11_15-27-16.json,,CamBoth_2026-03-11_15-27-33.mp4,Extraction,Extraction,,,1,,,,,,,,,,
Predictions_2026-03-11_15-29-26.json,Predictions_2026-03-11_15-29-26.json,CamBoth_2026-03-11_15-29-26.mp4,Extraction,Extraction,Extraction,Extraction,1,1,,,,,,,,,
Predictions_2026-03-11_15-29-26.json,,CamBoth_2026-03-11_15-29-30.mp4,Extraction,Extraction,,,1,,,,,,,,,,
Predictions_2026-03-11_15-29-26.json,,CamBoth_2026-03-11_15-29-34.mp4,Extraction,Extraction,,,1,,,,,,,,,,
Predictions_2026-03-11_15-29-26.json,,CamBoth_2026-03-11_15-29-39.mp4,Addition of liquids,Extraction,,,0,,,,,,,,,,
Predictions_2026-03-11_15-35-43.json,Predictions_2026-03-11_15-35-43.json,CamBoth_2026-03-11_15-35-43.mp4,Filtration,Filtration,Filtration,Filtration,1,1,,,,,,,,,
Predictions_2026-03-11_15-35-43.json,,CamBoth_2026-03-11_15-35-46.mp4,Filtration,Filtration,,,1,,,,,,,,,,
Predictions_2026-03-11_15-35-43.json,,CamBoth_2026-03-11_15-35-51.mp4,Filtration,Filtration,,,1,,,,,,,,,,
Predictions_2026-03-11_15-35-43.json,,CamBoth_2026-03-11_15-35-54.mp4,Extraction,Filtration,,,0,,,,,,,,,,
Predictions_2026-03-11_15-35-43.json,,CamBoth_2026-03-11_15-44-04.mp4,Inert atmosphere,Filtration,,,0,,,,,,,,,,
Predictions_2026-03-11_15-44-33.json,Predictions_2026-03-11_15-44-33.json,CamBoth_2026-03-11_15-44-33.mp4,Addition of liquids,Extraction,Addition of liquids,Extraction,0,0,,,,,,,,,
Predictions_2026-03-11_15-44-33.json,,CamBoth_2026-03-11_15-44-34.mp4,Addition of liquids,Extraction,,,0,,,,,,,,,,
Predictions_2026-03-11_15-44-33.json,,CamBoth_2026-03-11_15-44-38.mp4,Addition of liquids,Extraction,,,0,,,,,,,,,,
Predictions_2026-03-11_15-45-28.json,Predictions_2026-03-11_15-45-28.json,CamBoth_2026-03-11_15-45-28.mp4,Addition of liquids,Extraction,Addition of liquids,Extraction,0,0,,,,,,,,,
Predictions_2026-03-11_15-45-28.json,,CamBoth_2026-03-11_15-45-32.mp4,Addition of liquids,Extraction,,,0,,,,,,,,,,
Predictions_2026-03-11_15-45-28.json,,CamBoth_2026-03-11_15-45-37.mp4,Filtration,Extraction,,,0,,,,,,,,,,
Predictions_2026-03-11_15-47-09.json,Predictions_2026-03-11_15-47-09.json,CamBoth_2026-03-11_15-47-09.mp4,Filtration,Filtration,Filtration,Filtration,1,1,,,,,,,,,
Predictions_2026-03-11_15-47-09.json,,CamBoth_2026-03-11_15-47-12.mp4,Filtration,Filtration,,,1,,,,,,,,,,
Predictions_2026-03-11_15-47-09.json,,CamBoth_2026-03-11_15-47-16.mp4,Filtration,Filtration,,,1,,,,,,,,,,
Predictions_2026-03-12_08-24-11.json,Predictions_2026-03-12_08-24-11.json,CamBoth_2026-03-12_08-24-11.mp4,Addition of liquids,Addition of liquids,Addition of liquids,Addition of liquids,1,1,,,,,,,,,
Predictions_2026-03-12_08-24-11.json,,CamBoth_2026-03-12_08-24-13.mp4,Addition of liquids,Addition of liquids,,,1,,,,,,,,,,
Predictions_2026-03-12_08-24-11.json,,CamBoth_2026-03-12_08-24-17.mp4,Addition of liquids,Addition of liquids,,,1,,,,,,,,,,
Predictions_2026-03-12_08-25-08.json,Predictions_2026-03-12_08-25-08.json,CamBoth_2026-03-12_08-25-08.mp4,Addition of liquids,Extraction,Addition of liquids,Extraction,0,0,,,,,,,,,
Predictions_2026-03-12_08-25-08.json,,CamBoth_2026-03-12_08-25-12.mp4,Addition of liquids,Extraction,,,0,,,,,,,,,,
Predictions_2026-03-12_08-25-08.json,,CamBoth_2026-03-12_08-25-16.mp4,Addition of liquids,Extraction,,,0,,,,,,,,,,
Predictions_2026-03-12_08-26-36.json,Predictions_2026-03-12_08-26-36.json,CamBoth_2026-03-12_08-26-36.mp4,Addition of liquids,Extraction,Addition of liquids,Extraction,0,0,,,,,,,,,
Predictions_2026-03-12_08-26-36.json,,CamBoth_2026-03-12_08-26-37.mp4,Addition of liquids,Extraction,,,0,,,,,,,,,,
Predictions_2026-03-12_08-26-36.json,,CamBoth_2026-03-12_08-26-41.mp4,Addition of liquids,Extraction,,,0,,,,,,,,,,
Predictions_2026-03-12_08-26-36.json,,CamBoth_2026-03-12_08-26-45.mp4,Extraction,Extraction,,,1,,,,,,,,,,
Predictions_2026-03-12_08-26-36.json,,CamBoth_2026-03-12_08-26-52.mp4,Addition of liquids,Extraction,,,0,,,,,,,,,,
Predictions_2026-03-12_08-28-27.json,Predictions_2026-03-12_08-28-27.json,CamBoth_2026-03-12_08-28-27.mp4,Extraction,Extraction,Addition of liquids,Extraction,1,0,,,,,,,,,
Predictions_2026-03-12_08-28-27.json,,CamBoth_2026-03-12_08-28-29.mp4,Addition of liquids,Extraction,,,0,,,,,,,,,,
Predictions_2026-03-12_08-28-27.json,,CamBoth_2026-03-12_08-28-33.mp4,Addition of liquids,Extraction,,,0,,,,,,,,,,
Predictions_2026-03-12_08-28-37.json,Predictions_2026-03-12_08-28-37.json,CamBoth_2026-03-12_08-28-37.mp4,Addition of liquids,Extraction,Filtration,Extraction,0,0,,,,,,,,,
Predictions_2026-03-12_08-28-37.json,,CamBoth_2026-03-12_08-31-27.mp4,Filtration,Extraction,,,0,,,,,,,,,,
Predictions_2026-03-12_08-28-37.json,,CamBoth_2026-03-12_08-31-31.mp4,Filtration,Extraction,,,0,,,,,,,,,,
